content,score,sentiment
Terima foto yang bukan HD jadi buram gambarnya.,3,Netral
Sy suka merantau,3,Netral
Napa WA aku ini,1,Negatif
"ga jelas!!!! skrg status wa orang-orang ngacak, ga sesuai dengan pembaruan status yang baru",1,Negatif
Knpa Tdak Bisa Update,1,Negatif
kwalitas status vidio jelek,1,Negatif
Saya membuat status tapi tidak terkirim,1,Negatif
"Aplikasi nya buruk,masak iya akun saya keluar sendiri,minta kode verifikasi dan lain"" versi 2 langkah lah, sedang kan saya tidak ada bikin pin WhatsApp,siap itu nunggu lagi ngak ada juga kode verifikasi nya sampe 12 jam",1,Negatif
Setelah di update knp jd ngk bisa liat kapan dan jam brp orng buat status jadi bingung jam dan tanggl nya ngk kliatan,3,Netral
Gak jelas banget tiba tiba keluar sendiri terus muncul akun di banned padahal gak ngapa - ngapain,1,Negatif
"wa nya makin di update makin banyak bug nya anjay uda min gausa di rubah"" lagi sekarang perbaiki bug/error masa ngeliat status temen uda di liat ga ada status nya padahal di wa temen ku belom di hapus status nya",3,Netral
"Saya kecewa dengan whatsapp, padahal whatsapp biasa saja aada yang pakai untuk selingkuh, sekarang malah ada fitur ""kunci chat"" yang mana malah seolah mendukung untuk selingkuh, kalau gitu mending jadi aplikasi micet aja kak, kalau ga jadi yutub biru biar bisa mempersatu bangsa.",1,Negatif
"Buat status wa kok suara nya hilang timbul gitu,apakah bug atau apa WhatsApp??",2,Negatif
tampilan terang (putih polos) terasa tidak nyaman bagi pengguna,1,Negatif
Fitur pesan sementara eror,1,Negatif
Selalu eror WhatsApp nya bisa di buka selalu egak guna,1,Negatif
"Entah kenapa perkembangan aplikasi whatsapp sekarang malah mendukung orang untuk selingkuh , mohon di hapus untuk fitur kunci chat nya!!!",1,Negatif
Wira swasta,2,Negatif
Wa sekarang bikin emosi centang 1 terus,1,Negatif
"Membuat status video slalu buram tidak akurat,tingkat ketololan aplikasi ini kelewatan begok",1,Negatif
"kenapa wa skrg kalau bikin status video atau hasil nya malah blur, dan story juga skrg cuma nama aja gada waktu jam menit nya. tolonglah upgrade lagi yaaa",2,Negatif
"Aplikasi ini tidak bisa dilakukan untuk broadcast jualan ke nomor yg belum kita save dan pasti langsung ke ban karena spam, mohon di perbaiki agar WA bisa dibuat bekerja dan berjualan produk tanpa takut ke ban karna spam",1,Negatif
kocak,1,Negatif
"Excuse me, why do business WhatsApp and regular WhatsApp always have bugs, for example when I want to add a logo sticker the stickers inside don't appear?",3,Netral
"Whatsapp sangat menggangu jalannya permainan, keselnya kalau lagi bermain game online tiba-tiba ada notifikasi chat dari group masuk yang kerap kali memuat data laporan dari Whatsapp dan merusak jalan permainan game, sehingga terjadi crash. seperti prosesor rusak. tolong tambah fitur mode pesawat pada Whatsapp. ketika sedang bermain game bisa mode pesawat. setelah di copot masalah hilang.",1,Negatif
93102 0 /# a,3,Netral
"Aplikasi kalian gak jelas, tolong hapus data2 saya, jgn sampai kalian salah guna kan data saya!!",2,Negatif
Video call di wa kok makan banyak paket data sekarang min?,3,Netral
Afrikan wa,3,Netral
Maen blokir aja sih buat apa ngadain whatsapp kalo tidak bisa di pake min terimakasih,1,Negatif
Kurang bgus,3,Netral
Gua udah jelas jelas gunain wa resmi dari play store dibilang ngk Resmi terus disuruh download ulang pas di download ulang malah sama aja!!,1,Negatif
"Setiap kirim foto atau video di status selalu di kompres, jadinya kualitas foto/video yg awalnya hd jadi buram",3,Netral
Seandainya,1,Negatif
saya sudah menggunakan whatsap resmi. kenapa tidak bisa daftar.ada pemberitahuan harus menggunakan whatsap resmi?,1,Negatif
sapar,3,Netral
Lebih keren yg dulu,3,Netral
Terlalu banyak update,1,Negatif
"So like this, meta, please fix the broken story, so please fix the story",1,Negatif
Mengapa guah kasih bintang satu ka ada cewe yg ngecet,1,Negatif
Gw ga bisa buat stiker anjyyy,1,Negatif
"Kenapa ya wa sekarang gk bisa kirim no ke wa orang dan masukkan no orang ke wa kita, padahal berkali-kali download tetap begitu bantu dong, WhatsApp saya berubah.",3,Netral
Pas beralih akun toba tiba akun 1 kehapus njiir,3,Netral
Sekarang Wa jadi agen VCS,1,Negatif
000Ã±b...y,3,Netral
whatsapp sering spam kartu lama bikin gak nyaman,1,Negatif
"saat digunakan telpon suara selalu putus putus, notif juga sering tidak muncul, begitu pula notif telpon masuk tidak muncul, padahal sinyal bagus dan menggunakan wifi, harus membuka aplikasi terlebih dahulu agar notifikasi bisa masuk",1,Negatif
Hapus aja fitur sekali lihat itu ga guna blas,1,Negatif
"Terimakasih WhatsApp sudah tambahkan sheet grup, tetapi masih ada sheet yang kurang yaitu sheet personal, untuk mengetahui siapa yang chat pribadi dengan kita, mohon kiranya ada update terbaru kedepannya",2,Negatif
I give 1 star on WA because wa error Batuulaya basecamp phone is always out. Alone And also people come in and I go out myself. please allow it,1,Negatif
Bagus,3,Netral
Aplikasi jelek,1,Negatif
Yaelah anjjjj wa mod emang uda ga bisa cuma backup data anjjjj masa perkara mencet jangan pernah cadangkan chat langsung ilang gitu aja backup data nya,1,Negatif
Baguss bgt tapiii knpa yah wa saya ke blokir semua dan udah di buka malah ke blokir lagi ada mslh apa gmnaa,1,Negatif
"Makin aneh "" WhatsApp sekarang masak tiba-tiba kek di Ben gitu wa ku ada"" aja",1,Negatif
Tidak bisa milih custom interface. Akan sangat jelek menyamakan tampilan dg versi iphone. Terlebih lagi UI yang terkesan males,1,Negatif
"Sekarang kok wa banyak bug sama sering error?? Padahal selalu update,bersihin cache,penyimpanan juga masih ada banyak. Selain itu juga setiap bikin sw vidio/foto pasti yg tadinya HD jadi ga HD.",1,Negatif
"woii samlekom. tolong admin WhatsApp, balikin emot vesmett kuningnya yaaa, tolong banget minta tolong balikin emot vesmet kuning, jangan biru gitu jelek. ceweku maunya vesmet yang kuningg, bukan biru jelek. nanti kalo sudah balikin jadi kuning aku ratt 5 bintang, oke trima suwun WhatsApp",1,Negatif
Great. Excellent. Good!!!,2,Negatif
"Tidak Bisa dicadangkan, gagal Tidak ada solusi",1,Negatif
"Apaan ji apk ngelag mulu padahal jaringan bagus,",1,Negatif
Sw jadi burik gak jelas,1,Negatif
Tolong diperbaiki untuk posting status di hp android kok hasil foto/video statusnya jadi pecah/ kualitas gambarnya jelek,3,Netral
Apk gajelas apk bikin asing,1,Negatif
Bnyk bug asu,1,Negatif
Kenapa kok tiba2 ke spam wa saya??,3,Netral
Setelah pembaharuan tidak ada info waktu di story kontak.. Parah benar,1,Negatif
"Untuk pihak WhatsApp yang tidak saya hormati sama sekali, kalau pihak kalian tidak bisa membuat WhatsApp resmi menjadi lebih baik dan tidak bisa mengembangkan fitur fiturnya. Setidaknya kalian jangan banned para pengguna WhatsApp Mod. Karena kami nyaman menggunakan WhatsApp Mod, dengan beribu-ribu fitur gratis yang TIDAK BISA KAMI DAPATKAN DI APLIKASI WHATSAPP RESMI KALIAN. Alasannya kalian membanned Aplikasi WhatsApp Mod, karena KALIAN TAKUT TERSAINGI DAN TAKUT WHATSAPP RESMI TIDAK LAKU.BETUL ?",1,Negatif
"Semakin kesini semakin canggih desain tapi buruk sekali di bagian telfon/message,sering terjadi lag saat telfon/vc,kadang juga wa paksa berhenti padahal hp support,buka semua aplikasi lancar semua tapi kalo wa pasti lag tolong development nya dong..",1,Negatif
TikTodPedia sekarang pelit gak kayak dulu,1,Negatif
Parah! Beli paket data ga masuk-masuk. Status masih aja diproses!!!!! Biasanya cepet ini malah lemot!!!!!,1,Negatif
"kurir lelet komplain ke tokped care juga lelet,samapi sekarang hampir 1 bulan paket saya gak sampe2",2,Negatif
Mengecewakan banget,1,Negatif
"Update aplikasi mulai dari versi ini,Klo search ke mana-mana tidak akurat. Saya coba search Keyword nya ""killbus"",malah Muncul barang yang tidak saya cari. Barang itu sebenarnya ada. Tapi tidak muncul. Dan itu satu-satunya. Sedangkan barang yang dicari sebenarnya ada. Apa gunanya pakai aplikasi tapi tidak akurat??? Tim developernya gimana nih? Tim Programmer kerja pas deadline yak? Padahal cuma copas-copas doang dari project sebelumnya/org, AI, web open source. Masih aja nub.",1,Negatif
"Selalu dapet ekspedisi yg tidak recomended, dulu sering,e dpt ekspedisi ST juga lambat, eee ini ganti JE malah sama aja lebih parah, apalagi yg ekspedisi area solo tambah parah",3,Netral
"Dalam 1 bulan ini, ada 1 paket yg tidak sampai dan 1 paket telat serta reseller nya tidak sat set !!!",1,Negatif
Proses retur yang berbelit,1,Negatif
"JNE dan ID EXPRESS, ini kurir rekomendasi dari aplikasi ini dan mereka oper2an gitu pengirimannya, HATI-HATI , di aplikasi ini kalian nggak bisa ganti ekspedisi , paket saya 1 minggu lebih belum sampe , pake apk sebelah aja biar kalian jelas dapet RESInya karna cuma pake 1 ekspedisi sampe slesai, tau mau ke ekspedisi mana ketika buru2 ambil atau komplain, dan CS apk ini pake AUTO-REPLY percumah , nggak bakal nylesaiin cepet masalah di pesanan kalian , HATI-HATI ğŸ‘ŒğŸ»",1,Negatif
"Habis update terakhir fitur filternya di pencarian jadi ga beres, masa cari produk terbaru muncul nya produk yg lama",3,Netral
"Bug mulu min, susah masuk ke Tokopedia, bagusan yang dulu",1,Negatif
"Paling males kalo belanja di tokped tuh sama expedisi yg ga jelas, pengiriman lama, update terkini tidak jelas paket sudah sampai mana. Beda sama shopee, yg kalau paket telat datang kita dapet kompensasi dan jika ada kendala cepat penanganannya",1,Negatif
Kok ngk bisa komplain yg di toko rekanan Tokopedia ngk bisa komen dan penilaian. Di toko hp om unyet. Segel nya sengaja di buat plastik tipis. Sehingga barang nyampe segel lepas. Apa udah kongkalikong. Tokopedia dengan om unyet nya. Ngeri klu gitu ngk berani lah belanja di Tokopedia klu triknya kaya gini,1,Negatif
"Paling seneng belanja di tokped,discont voucher nya selalu banyak,itu dulu, sekarang pindah ke kompetitor sampe sekarang udah member platinum.",1,Negatif
"Awalnya suka sama tokped karena barang nya selalu berkualiatas,tpi makin kesini kok banyak saller murahan barang asal kirim udah kayak toko sebelah tokped sekarang!Maaf gw uninstal",2,Negatif
Saldo refunds gak kemabli di gopay sukses tapi di saldo gak rubah masih saldo saya yang habis transsaksi ngentod2 aplikasi busuk lama2,1,Negatif
Paket satu doang lama banget kirimnya ğŸ˜ ,1,Negatif
Kecewa karena overload estimasi di undur seminggu kebelakang.... Seharusnya seminggu sebelum libur besar atau libur hari raya mending aplikasi Tokopedia.. . Tutup Biar kami pembeli bisa beli offline Dari pada menunggu estimasi yang jelas dari awal tapi faktanya molor kebelakang Huuuu,3,Netral
"Tokopedia juara dalam hal lambat pengiriman ,dari tangerang ke bandung bisa 4 hari ongkir jg bayar.dari tangerang pesanan ke jakarta dari lalu ke karawang lanjut bandung kota baru sampe bandung babakan ciparay tempat tujuan sudah sore alhasil kirim paginya lagi.belajar dulu dalam hal pengiriman ke LAZADA supaya pelanggan puas dengan pelayanan nya....parah tokopedia lambat lelet sekali.sudah beberapa kali belanja di di tokopedia tidak memuaskan terutama dalam pengiriman barang.ğŸ‘ğŸ‘ğŸ‘ğŸ‘",1,Negatif
Iklan nya ngeselin aku bocil,1,Negatif
"Tolonglah kenapa sistem pencarian nya jadi ngaco gini, yang dicari gak ada padahal pas diubek ubek ada. Kadang setelah barang ketemu mau di short malah barang yang tadi ilang. Balikinlah sistem pencarian kek dulu",1,Negatif
"Saya beli smartwatch d bawa lari pihak kurir, sudah saya urus ke pihak tokopedia sejak tanggal 10 Maret SAMPAI SKRG 28 APRIL UANG SAYA BELUM DI KEMBALIKAN!!!",1,Negatif
Jujur Tokopedia sangat bagus namun sayang nya sistim COD tidak tersedia menurut saya jika sistim COD tersediah makah Tokopedia pilihanku ğŸ™,1,Negatif
"setelah update kok malah gak bisa nge ""favorit"" barang / nyimpen ke koleksi...katanya ""oops barang gagal di simpan di kolekai,silahkan coba lagi""ğŸ¤¦â€â™‚ï¸ğŸ¤¦â€â™‚ï¸",2,Negatif
"Sangat kecewa dengan tokopedia menonaktifkan akun orang tanpa kejelasan hanya point""nya aja yg diberikan tapi bukan kejelasan pelanggaran apa yg dibuat. Saya pengguna tokopedia sudah lama dan pada saat ini saya sangat kecewa untuk tindakan tokopedia yang semena"" Menutup akun saya secara permanent, sudah Dm Twitter dan email Pusat bantuan tapi responnya begitu aja tidak menyelesaikan masalah. KECEWA !!!",1,Negatif
"Udah lama pake topet, tapi sekarang tambah ribet, gak ada COD. di layanan gratis ongkir. Dan juga kurir rekomendasinya lelet. Alias lama pengirimanya, sejarang saya udah beralih ke toko oranye, lebih gampang dan cepat sampai.",1,Negatif
Bagus,1,Negatif
Apk haram gangutak ungkirnya,1,Negatif
Akhir akhir ini pengiriman lama pesanan sudah seminggu tidak sampai juga padahal pakai kurir rekomendasi,1,Negatif
"Jelek bgt gopaylater nya padahal gapernah bayar telat , selalu bayar tepat waktu bahkan sebelum jatuh tempo tapi knpa pas pengajuan lagi gabisa pengajuan di tolak, mending gaush bikin gopaypinjam kalau gabisa meminjam!!!!",1,Negatif
"Sistim komplain nya baik sebagai pedagang atau pembeli menurut saya, sangat sangat jelek sekali",1,Negatif
"Pengiriman sering di pindah"" in dan barang hilang .Customer Servicenya Super""""""""""""lama banget responnya.Serta Solusinya lama & gak selesai"" hampir 1 bulan . Kecewa banget sama Tokopedia sekarang",1,Negatif
"Aplikasinya bagus, saya kasih ranking 1 buat toped, ditambah kurirnya selalu pake JNE yg super super lemot, lengkap deh parahnya Update 28-04-2024 2paket dengan resi dan ekspedisi yg berbeda nyampenya lama banget, dah gitu resi stuck ga bergerak sama sekali.. Toko sebelah pesen belakangan malah sedang diantar oleh kurir. Tokped koq makin bagus aja semakin kesini.",1,Negatif
Lawak nih aplikasi mentang mentang udah kerja sama dengan tiktok harga barang membludag setinggi langit,2,Negatif
Sangat tidak merekomendasikan aplikasi ini untuk berjualan karena proses pencairan saldo nya rumit sekali,1,Negatif
"Min, tolong jaringannya agak di ringankan, saya mau uploud video gagal terus, sama pencarian follower di program affiliate di permudah lagi min, masak udah gabung affiliate sekitar 1 bulanan nggak ada yg ngefollow...",3,Netral
Tokped gimana sih? Mo ngubah nomor hp ngga berhasil. Padahal nomor kode yg diminta bener,3,Netral
Keat su asuuu,1,Negatif
"Gimana sih ini tokped pengguna baru dipersulit juga ya?, Harga barang 20.000 tapi karna ga dikasih voucher diskon untuk pengguna baru harga barang jadi 40.000 an gila tuh ga kayak shopee pengguna baru langsung dikasih voucher gratis ongkir yang ngebuat barangnya jadi murah",1,Negatif
Tokopedia skrg dipersulit,1,Negatif
"Kapok pke apk 1 ini lebih baik pakai shopee atau agak mendingan lazada. Pengiriman nya nauzubillah lama poll sedangkan shopee, lazada 1,2,3 hari udh sampai",1,Negatif
"Saya udah belanja banyak pakai voucher dapat coin 132 ribu di satu toko, tpi koin tidak keluar, tokopedia kok gini amat ya",1,Negatif
Entah kenapa kalo belanja di sini pengiriman lebih lama dibanding onlinemarketplace sebelah,1,Negatif
Mengapa langganan Plus cuma ada di pulau jawa?? Diskriminasi bangettt. Trus pulau sumatera ngk masuk hitungan gitu??,1,Negatif
"Ribet, pengiriman lama, barang belum diterima di pemberitahuan sudah diterima. Zonk besar",1,Negatif
Refundnya lama,1,Negatif
"Kntl memang, pesen tanggal 14 sampe sekarang tanggal 27 belom nyampe, estimasi tiba molor mulu udah nunggu 2 minggu masih disuruh nunggu lagi 1 minggu, tlol tlol, bantuan tokopedia care ga guna lagi parah banget, gada bantuan yang jelas",3,Netral
"MAKIN LAMA MAKIN ANCUUR LAYANAN APLIKASI INI..!!! -PAKET MOLOR Sampe 7'HARI GA JELAS Tp KONSUMEN GA BERHAK MENOLAK -PENYELESAIAN MASALAH'Nya RIBET -KURIR REKOMENDASI'NYA KURIR'2 ABAL'2 Yg PENGIRIMANNYA Banyak MOLOR&TROUBLE&Lagi'2 KONSUMEN Yg Jd KORBAN SURUH TUNGGU&WAJIB TERIMA -KLAIM ASURANSI BARANG HILANG BUTUH WAKTU BER'MINGGU'2 -ADA PROMO GRATIS ONGKIR Tp KADANG GA"" BISA DI'Pake.. **Pokok'Nya SEMAKIN BURUK Aja LAYANAN TOKOPEDIA..!!! ğŸ‘ğŸ‘ğŸ‘",1,Negatif
"Tolong deh sapx dihapus aja.. 22jan order.. oke lah kalo kemaleman, baru kirim 23jan. 26 baru nyampe. Padahal SESAMA SURABAYA. Minimal di ulasan, kasih opsi lah untuk kasih nilai pengiriman. Biar toko gak kita kasih rating jelek padahal salah dr kurir Edit 27apr24 : id express hapus aja deh. Di shopee dah kapokÂ².. tokopedia malah pake id express. Ada org di rumah, pake dilempar. KubelaÂ²in langganan plus. Yg didapat malah pengiriman makin lelet parah!!! DAN SKRG TIDAK BISA BUKA PROFIL TOKO",1,Negatif
"Fitur searchnya makin kocak, lemooot benerrrr padahal wifi 100mbpsğŸ˜µâ€ğŸ’«",1,Negatif
"Kasih 3 dulu,, jika bagus buat 5.ğŸ˜Š",3,Netral
"BALIKIN SISTEM SEARCH BARANG YG LAMA TOLOL, GW MAU NYARI BARANG SPESIFIK ANJIR. LEBIH BAIK PAKAI SEARCH WORD YG SPESIFIK LEBIH DAHUL GAK KAYA SEKARANG TOLOL ANJ NYEBELIN WOYYYY",1,Negatif
Tambah tolol aja ini IT nya ... Ga becus bikin aplikasi !!!!!,1,Negatif
pemilihan pembayaran ga bisa di akses .. jadi ga bisa pilih pembayaran . tolong di perbaiki,3,Netral
"Suka belanja disini tapi sayang reputasinya ancur sendiri gara gara kerja sama dengan expedisi yang lelet semua padahal udah di kota tujuan mending bayar bisa pilih expedisi, kalau gak niat kasih gratis ongkir gak usah kasih",1,Negatif
Ga ada gratis ongkirnya ğŸ™‚,3,Netral
"Tokopedia skr parah pengirimannya lama banget , pengiriman suka stuck ajah, kalau gak barangnya dibawa muter2 ga tau kemana, kalau di komplain jawabannya hanya suruh lacak ajah",1,Negatif
"Sepertinya saya akan balik lagi ke ecommerce sebelah dimana pengiriman lebih cepat, dibandingkan tokped yg pengiriman beda 1-2 kota saja bisa sampai 2 minggu lebih karna tiba"" ada otomatis penambahan estimasi. Dulu di ecommerce sebelah bahkan yg nyebrang 3 pulau bisa sampe hanya dalam 2-3 hari aja",1,Negatif
Makin kesini makin aneh,1,Negatif
"Update Mulu,, gila nih, udah bikin rugi pembeli... Lama lama makin parah.... Toko merugikan. Tidak bisa dipercaya. Pengalaman pahit blnja disini, TOKOPEDIA CARE nya tidak berguna sama sekali.",1,Negatif
Ini ada bug di kolom pencarian dari dulu blm di perbaiki,1,Negatif
Banyak bug..,1,Negatif
"Performa layanan kurir yang sangat buruk, kurir pilihan tokopedia (kurir tokopedia)",1,Negatif
Selamat malam semuanya ijin review jelek terkait dana refund saya yang belum juga selesai.. Saya minta tanggung jawab nyah sudah hampir 1 bulan ini..,1,Negatif
Pengiriman nya selalu lama kalo pake jasa kirim rekomendasi tokopedia,1,Negatif
"pake' Kurir Rekomendasi parah telat nya lebih dari 3 hari dari estimasi, sampe' sekarang belum juga dikirim. aplikasi Lazzzad pake' kurir Leks cepet banget. gratis ongkir pula. pake' Tokopedia karena buatan Lokal, malah kya gini.",2,Negatif
Pengiriman lemot sangat tidak nyaman. Sekaliiiiiiii!!!,1,Negatif
Pelayanan buruk,1,Negatif
"Sangat disayangkan e-commerce sekelas tokopedia menggunakan jasa pengiriman yang sangat lambat. Lebih baik tokopedia ganti kerjasama mitra pengirimannya menggunakan J&T. Pengiriman pake JNE Reguler di Tokopedia bisa sampe 5-7 hari. Setelah vacum beberapa tahun gak pake tokopedia, dan mulai belanja lagi di tokopedia, ternyata kecewa karena pengiriman yang sangat lama. Setelah ini, saya pastikan tidak belanja di tokopedia lagi.",1,Negatif
"Transaksi pertama langsung gagal. Dicoba 3x tetep gagal, dana kembali tapi jadi saldo tokped. Mana hanya bisa dipake utk belanja di tokped, mau belanja tp transaksi selalu dibatalkan oleh sistem. Aplikasi ini sangat ga rekomendasi, seribu kali lebih mending toko oren.",1,Negatif
"Kenapa harus ada fitur terima otomatis, sedangkan paket belum ditangan sepenuhnya, dan kenapa di kolom chat tidak bisa kirim vidio sebagai bukti komplain ke penjual, aplikasi merugikan",1,Negatif
"SAPX kurir darksystem, lama bgt barang ga sampe sampe, biasanya JKT - BDG 2 hari paling lambat 3 hari ini sampe 7 hari masih belum sampe",1,Negatif
Kebanyakan iklan ğŸ‘ğŸ½ğŸ‘ğŸ½ğŸ‘ğŸ½ğŸ‘ğŸ½ğŸ‘ğŸ½ğŸ‘ğŸ½ğŸ‘ğŸ½ğŸ‘ğŸ½ğŸ‘ğŸ½ğŸ‘ğŸ½ğŸ‘ğŸ½ğŸ‘ğŸ½ğŸ‘ğŸ½,1,Negatif
Pemngemvalian dana terlalu berbelit belit dan tidak kunjung selesai. Padahal yg membatalkan sistem tokopedia.,1,Negatif
Parah ini sumpah. Beli barang bayar tunai. Barang g sampai katanya bakal diganti asuransi. Pihak penjual uang sudah kembali pihak saya pembali audah sebulan lebih g juga kembali. Malah transaksi katanya sudah selesai. Kacaunya lagi ini aplikasi gak punya fitur untuk melaporkan masalah lagi. Sumpah gak pernah sekecewa ini belanja di e-commerce selain aplikasi ini. Berharap dapat barang bagus di sini kalau ujungnya seperti ini. Ud cukup lah. Uninstall aj ni aplikasi,1,Negatif
"sistemnya ga jelas, karena kesalahan penjual, masa pembeli juga ikut nanggung kerugiannya, ongkir senilai 400rb lebih ga balik2, dtanyakan ke CS katanya sendang proses, proses kuk bs 10 hari lebih ga ada kejelasan",1,Negatif
"Sekarang parah banget ya, dagang ditokopedia saldo hasil penjualan sudah 2 hari ditahan. Kita modal harus muter, ini malah ditahan wkwk. Kapok dagang ditokopedia.",1,Negatif
sejujurnya belanja disini menyenangkan tapi semua berubah setelah kita membeli barang yg ternyata kemasan nya rusak atau ada kerusakan pada barang. proses komplen nya lama berbelit-belit merugikan customer,1,Negatif
Bayarin noh hak2 orang yg lu telen sendiri bngsd!,1,Negatif
"HATIÂ² UNTUK SEMUA PENARIKAN SALDO SANGAT AMAT RUMIT BELIBET SEKALI, DAN SANGAT AMAT BERTELEÂ² TIDAK WORTH IT, CS SUDAH SAYA CHAT TIDAK MEMBALAS, BUKANNYA SEMAKIN MEMUDAHKAN USER MALAH TAMBAH MENYULITKAN. JAUH SEKALI PELAYANANNYA DENGAN SHOPEE",1,Negatif
ribet ah,1,Negatif
"Dulu saya sangat suka belanja di sini tapi makin lama tokopedia makin kurang dalam pelayanannya ,mau chat cs aja susah",1,Negatif
Setip pake cashback kebatal sistem mulu,1,Negatif
Pengiriman kurir rekomendasi sangat lama 10 hari belum sampai juga barang saya,1,Negatif
"Kurirnya semakin kesini semakin gak bener , tolong di seleksi kurir yg gak mendukung .",1,Negatif
"Mending Tokopedia gak usah lagi pake kurir sicepat, saya udah belanja di Tokopedia puluhan juta, bahkan jadi member platinum, paket gak dateng2 pake kurir sicepat...harusnya ganti nama aja dari siCepat jadi siLambat..",1,Negatif
Jangan belanja di sini pengiriman sangat lama beda jauh sama apk sebelah,1,Negatif
"Klaim barang hilang udah setahunan, jawaban selalu bilang lagi BAP. Sampai tua !!!!???? Tidak ada solusi nya.",1,Negatif
Moonton oon masa gw main kalah mulu gak solo gak party kalah ngasih tim yang bener dong,2,Negatif
"D kasih tim yang power nya gak seimbang mulu kalo mau naik tingkatkan di rank, dari sistem gak jelas setiap mau naik rank di kasi kalah mulu setiap win streak 5 kali kalah nya 10 kali lebih",1,Negatif
Main solo rank skrg ga lgi nyaman kyk dlu skrg rata2 dikasih pemain bot yg bisanya cuma feeder,1,Negatif
"Adain event skin epic 100 DM kayak di advance server, nanti bintang nya dinaikin.",1,Negatif
Jangan main game ini saya main 6 jam nonstop bukan nambah bintang malah ngurang,1,Negatif
"hapuskan sistem trio ketemu dengan solo solo, tekadang trio tim saya malah dapat poin perunggu!",1,Negatif
saya selalu nemu tim tolol Saya harap monton memperbaiki dan saya harap monton menghilangkan cheat,2,Negatif
Dark sistem,1,Negatif
Nonton taii masak epik masok room mitik,1,Negatif
report banyak disalah gunakan ama yg mabar bertiga system bobrok payah .,1,Negatif
Pelayanan pelanggan tidak berguna.sudah jelas 1 tim player bermain buruk aku report tidak ditindak. Jika aku bermain buruk karena sinyal buruk tetapi aku masih berusaha bermain di report tim aku kena report,1,Negatif
Mending uninstal aja gak usah mainin game stres kyk gini habisin waktu percuma gak sesuai dapat timnya,1,Negatif
Lumayan meski msh ada bug nya,3,Netral
"Apalah Moonton Tiba Tiba Frame Padahal Jaringan Bagus Penyimpanan Masih Kosong Tapi Kenapa Frame,Dan Kenapa Ngasih Tim Yang Bot Sedangkan Musuhnya Pada Jago Masa Gw Nge Stack Di Bintang 70-75 Mah Tolong Lah Moonton",2,Negatif
dark sistem mulu capee menang cuman sekali,1,Negatif
Moonton Anj Dark system kntoll,1,Negatif
top up diamond masa gak masuk udah 2 hari. pdhl top up lewat dalem aplikasi. mobile legend.,1,Negatif
Gamenya seru tapi sinyalnya di optimalkan lagi!!,2,Negatif
akun gua di ilangin kntl,2,Negatif
"Game bikin emosii , masa turun naik terus sihh , cape tau main nya , kalu random pasti dapat temann loll , musuh nya ga ada otakk",2,Negatif
Ku kasih kau bintang 1 bujang ya,1,Negatif
"kalo ngasih tim yg benar tol masak legend di campur epic,legend serasa mytic imortal",1,Negatif
"Game tidak bermutu, Setiap update Backsound Betle diganti ganti mulu, gatel bgt keliatanya klo ga diganti-ganti, padahal backsound lobby, drafpik, dan betle di Season 14 enak banget, yg harus diralat mobile legend balikin semua apa yg saya katakan! Karena itu adalah identitas MLBB, ketimbang musik2 skrng",1,Negatif
Game membutuhkan handphone dengan RAM yg besar,3,Netral
"Bener dikit kalo ngasih tim, masa lose strek sama 15 kali?",1,Negatif
Dark sistem perbaiki su,1,Negatif
Plis moonton kenapa sering keluar lagi pas lagi matching sehingga afk. Aku udah coba relog tapi ga bisa masuk,1,Negatif
"iniii kenapa gua di mute terus siiiii, nyebelin amat si luuu, kokkkk si alii ga di mute siii pilih kasih amatt, diaaa juga suka toxic lohhhh:((((",1,Negatif
Bocahn dongoÂ² dalem gamenyaa,1,Negatif
"hadehh, Makin hari makin lag jaringannya, benerin dulu jaringannya atuh masa pas war langsung lag gak bisa gerak, makin di update makin jelek jaringannya, hadehhhh... udah mau reset season kok makin buruk yaa updatenya? :(",3,Netral
"game bagus tapi system matchmaking busuk, kalah menang udah di settingan dari moonton, tier tinggi dikasih team feeder, kalah sampai beruntun tanpa mikirin player push rank susah payah",1,Negatif
monton celeng,1,Negatif
"Moonton ajg! Gue main magic chess lu kasih pemain dark system, sama aja ngerank tim gblk semua! Sistem muka asu kau moontod taik asu",1,Negatif
Kasih tim tholol trus,2,Negatif
è¯·åœ¨å¸è½½Mobile Legendsä¹‹å‰è§‚çœ‹ï¼Œæ–°çš„å¯¹æ‰‹å¹¶ä¸å›°éš¾ï¼Œå› ä¸ºæ¯ä¸ªçº§åˆ«æ€»æ˜¯ä¸€ä¸ªå›°éš¾çš„å¯¹æ‰‹,1,Negatif
"Game plagiat, tim tolol tidak masuk akal",1,Negatif
"WOY MOONTOON!!GUA MAEN ML BUAT CARI HIBURAN KENAPA MALAH YANG DAPET EMOSI DI GAME LU JING!LU KALO GA SUKA SAMA GW BILANG.GUA MAEN KENA DARK SISTEM MULU.KALAH MULU GW CARI KESENANGAN BUKAN MALAH MARAH"" LU CARI AJA NIKE:cewe manis PP laki"".liat histori liat.gw komen biar Lo tau kalo Lo diposisi gw.lose Mulu.fckY",1,Negatif
kenapa sih tiap lagi war pasti jaringan trus padahal sinyal bagus ehh tiba tiba kluar game mau login lagi gak bisa padahal kuota banyak,1,Negatif
"Matching ga seimbang, setap menang 3x lngsng d kasi lose 5x. buatin kek khusus buat yang solo biar ga ktemu sama yang mabar nyusahin yng main bnerÂ² as solo",1,Negatif
"Munculin skin yz starlight lah, masa diubah aturan Mei ada starlight yz",3,Netral
Gue player lama tapi tolonglah untuk pihak moonton dibenahi lagi mode rank gue slalu lose streak karena slalu dapat player baru set emblem gue semua full level 60 Kalau bisa mode rank nya di sesuaikan jngan asal2an player lama jadi bosan malas on kalau kayak gini terus tidak ada perubahan dalam matching,2,Negatif
"Kalau ngasih tim yang ngotak lah,gwe maen masak ga nambah malah ngurang NGOTAK KONTOLLL!!!",1,Negatif
Team tempek terus dapat apalah,1,Negatif
"Permainan tidak adil,toxic,troll,",1,Negatif
"Moonton game apa ini,Di kasih team yang bego semua,Makin lama makin parah di kasih team bot doang cape",1,Negatif
"Capek anjir main dapet tim bot, sampai kapan gini anjir, dari mitikk turun lg ke gm, anjir anjir",1,Negatif
Setelah bermain game ini saya menjadi setengah gila gara gara dikasih tim ga kompak terus menerus,1,Negatif
Banyak drk system bb,2,Negatif
Benerin dulu apk lu montoon masak jaringan bagus kalo war ping tinggi sendiriÂ²lu kalo mau nurunin rank g gt lah cara nya bisaÂ²player lama malah di kasih drak sistem mulu ngotak dikit lah moonton udah habis hp aja garaÂ²lu ngasih drack sistem ga jelas jaringan hp bagus tibaÂ²lag kalo pas war g ngotak kli,1,Negatif
saya kcewa dengan monton maennya gak bermutu dan slalu kalah,1,Negatif
"Gua tidak melakukan apk tapi kau buat apk,saya udah honor tapi kau kasih saya tim legend, yg bener lah kau buat prmainan, tidak seimbang dgn gemplay saya,capek saya kena drak sistem.lama lama gem ini bikin org stres, bukan menghilangkan stres, tpi menambah stresğŸ˜¡",1,Negatif
"game gajelas, udh glory masih ada aja bot, sepi game ini lama lama",1,Negatif
"game aneh masa gua dapat tim yang lawak mulu , sedangkan lawan gue normal semua",1,Negatif
Tolong lacak akun JAVHIHI... DIA UDAH HINA AGAMA ISLAM.. UDAH SYA LAPOR PIHAK BERWAJIB,1,Negatif
najissssssss,1,Negatif
Tim yang jelas lah matchmaking bab!,1,Negatif
"Kenapa sih suka dikasih dark sistem? Moonton plis jangan gitu lah gua mainnya jadi kesel bawaannya pen hapus aja ni game, gw doain lu ytim miskin ccat bgsat",1,Negatif
Orang mah mikir dong moonton kalo ngasih team yang bener main bukan kebanyak anak trool,1,Negatif
"Moonton is dog When playing magic chess, you know your opponent will lose, but you still meet him 3 times in a row without changing your opponent",1,Negatif
"Monton memang taiiiii....di kasih menang 2x, kalah sampek 5x",1,Negatif
"TOLONG KOMINFO HAPUS AJA GAME INI DARI NEGARA, GA GUNA BUAT NEGARA JUGA SISTEM LAMA2 NGACO",1,Negatif
Meta tank mulu bosen,1,Negatif
Game ini sangat bikin emosi,1,Negatif
"Kecewa berat sama sistem moonton yang sekarang kalo ngasih dark sistem nya gak kira-kira, apalagi sekarang banyak akun jokian sistem pembagian tim nya pun gak sesuai sama tier kita. Lama-lama vacum dari ml",1,Negatif
"Apaan mejic cess guardian gak ngotak defense sama attack nya, jadi mudah yang menang ketebak jadi gak seru main nya",1,Negatif
Pertama kali Nemu game begini anek yang buat nya moga mati amin,1,Negatif
Moonton dark sistem,1,Negatif
Tambah sini semakin gak jls montoon ngasih team yg abis kalah terus game rusakkk,1,Negatif
Pengaturan playernya sampah,1,Negatif
Mohon maaf admin ML alias montoon Gue kecewa banget skrng.. kredit skor gue turun trs.di ban Mulu skrng j gue di ban 3 hari poin sisa 83 . padahal gak afk CMN sering hilang jaringan trs setiap main gara2 di upgrade Mulu...tolol makin berat ram nya GK mikirin org Laen gmn,1,Negatif
BYE MOBILE LEGEND GAME AMPAS SINYAL LAG CHEATER DIMANA-MANA MATCHMAKING AMBURADUL MENDING GUA UNINSTALL AJA ANJEEEEEEEEENG,2,Negatif
Game gak waras kalah hampir 18x menang 2/3x aja yang bener aja lah sistem apasi,1,Negatif
WOI SISTEM MAGIC WHEEL RATE GACHA BENERINLAH BEGO BANGET MOONTON SISTEM AMPAS KAPITALIS ğŸ¤¡,1,Negatif
"Aplikasi mobile legend sekarang makin update makin buruk, sering leg dan kadang kluar sendri , aplikasi apaan ini, tolong perbaiki",1,Negatif
Dikasih ls mulu anj. Berusaha sendiri. Dapet tim kek ğŸ’© semua,1,Negatif
"Monton yg adil dong matcmakingnya sa kurang satu bintang naik peringkat rank ,,,,di kasi lostrek nyampe trn rank ,,,,,,,yg adil dong ngasi lawan ga sesuai sama skil tim,sedang tim sy biasa ,,,,,,dapet tim pro ,,,,,yg ada draksistem lostrek",2,Negatif
"tolong lh monton klo ngasih tim atau musuh yg seimbang,masa di kasi tim yg peed atau trol mulu baru musuh di kasih yg jago semua,masa lu jadi salah satu game terbaik kayak begitu,tolong di perbaiki lah sistemnya monton",1,Negatif
"Game ini sebaiknya dihapuskan, karena tidak layak untuk dimain oleh beberapa kalangan yang mana merusak mental psikis",1,Negatif
Main ml gak seru losterk terus,1,Negatif
"Tolong lah knpa di pertandingan pertama ga ada patah"" di pertandingan kedua patah"" parah ini padahal jaringan bagus",2,Negatif
GAME AJGGGGGG,1,Negatif
sangat tidak puas karena terlalu banyak dark system,1,Negatif
Biadab emang gadikasih team yang sepadan sama lawan di mode ranked,2,Negatif
Gaada skin gratis,2,Negatif
Monton asu mau ke mitim banyak dak sistem,1,Negatif
"Di kasih black sistem mulu ,gw trauma sama mobile lagend dikasih menang dikasih kalah kalau ga niat kasih game ga usah ada ML,ntar alesannya Screenshot dulu,tapi ga terjadi apa apa cuman bisa bicara maaf atas ketidaknyamanannya Halah cuih,Sinyal hp jadi ngelag 4Ã— winstreak kalah berturut turut lu niat kasih game g",1,Negatif
Makin ke sni makin bnyk player yang asal main di rank tinggi contoh nya di rank mytic honnor saya main dari 46 turun ke mytic biasa gmn sih cape main sama player yang ga ngerti main,2,Negatif
"Makin ribet gamenya, apaÂ² nya di sensor. Jd ga bebas. Sinyal sering lah, harus doubleÂ² pk data + WiFi. Tolong di perhatikan lg. Kadang ada yg langgana WiFi. Di perhatikan lagi min. Minimal buat kalangan bawah juga biar bisa main!!! Tanpa harus pake WiFi",2,Negatif
"Buruk sekali banyak sistem,, hapus saja",1,Negatif
lagi war ping bisa bisa nya merahh tim dapet bot mulu,2,Negatif
Dikasih tim ngetrlo terus bermain selama 2 gak naikÂ² malah turun anjig moonton,1,Negatif
Haram Jadddaaaaaahhhhhhhh!,1,Negatif
Jangan mau lah ml sekarang repooooot..... Mau di kasih menang ga ini th woi epik abadi terus,1,Negatif
Magic chess gak adil habis kalah sama satu player tiga kali ronde ituÂ² mulu playernya padahal playernya masih ada 6,2,Negatif
MAGIC CHEST LOSE STRIKE... ğŸ–•ğŸ–•ğŸ‘ğŸ‘ Sinyal eror sangat sangat parah,1,Negatif
"Sangat sangat tidak nyaman dalam bermain, aplikasi lain lancar saja Tapi main ML sinyal buruk Mengecewakan Apabila berlanjut seperti ini,lebih baik uninstall.....",1,Negatif
"Napa sih selalu aja kasih gua tim yang nuubb sedangkan lawan gua gg. Heehh om moonton gua push dari mytct honor bintang 30 sekarang udah mytict biasa, akun utama dari glory bintang 103 sekarang honor bintang 38 luu bayangin ommmmm anÂ¥ Kalo luu ga ngasih gua tim yang gg dengan lawan boot gua do'ain bangkrut, ingat do'a orang yang terdzolimi akan mudah terkabul.",1,Negatif
"Dark moonton sistem kurang kurangi lah,,",1,Negatif
Monnton knp gue mau honor selalu dpt dark sistem trus lah gk tau di blh honor apa gmn lah,1,Negatif
"Game aneh dari tadi solo temen gw main kayak bot,musuh spek onic gaam tolol ngotak kalo buat sistem draf",1,Negatif
Ni game nambah dosa gua anjim,1,Negatif
