"reviewId","userName","userImage","content","score","thumbsUpCount","reviewCreatedVersion","at","replyContent","repliedAt","appVersion"
"25876a51-d284-4e45-8054-64e579d58e41","Mondzie","https://play-lh.googleusercontent.com/a-/ALV-UjVCV3n9KsdmldX6d9I2lnlufQfPFY4cfP8RoHDT91zAdQ471ps","Game bagus","5","0","1.8.79.9552","2024-04-28 19:09:10","","","1.8.79.9552"
"955ff1d6-4b8d-4c66-ac75-c77397d32600","Cr Cobra","https://play-lh.googleusercontent.com/a/ACg8ocJvnVnKScdTC_M-8vh6-7b0BJUTgmMFn_Yjtn5_ddAEcJ4t1A=mo","Moonton oon masa gw main kalah mulu gak solo gak party kalah ngasih tim yang bener dong","2","0","1.8.32.9053","2024-04-28 19:07:41","","","1.8.32.9053"
"6e03ea98-4f11-49ae-9828-cfe3a002e432","Rohman Percuma","https://play-lh.googleusercontent.com/a/ACg8ocLjPzD_6ewsTiM_5TyTp002a_UgwyiMfrAi81BdibHVyiZVKQ=mo","Keren banget coy","5","0","","2024-04-28 19:07:39","","",""
"e2d929b9-9b59-4671-9ebe-f5606d8d7134","Asrul Gunawan Asrul","https://play-lh.googleusercontent.com/a-/ALV-UjVvp3H2U89VwBgfGb0zCGxLu_dzCaNO_oSRF8Aq2e0VdagAe2g","Yah","5","0","1.8.47.9191","2024-04-28 19:06:37","","","1.8.47.9191"
"0406f9b4-e4a1-42a3-a814-44161b4cd541","Ipul Str","https://play-lh.googleusercontent.com/a-/ALV-UjWsfAgUFfhv6B5moY-QIHGyVCMZXon9lmwjMNiWn4TqBGaZ-X4","Oke","5","0","","2024-04-28 19:06:08","","",""
"62ae5c9a-a644-4edd-a2d3-f0d7d2776fe2","ALWI HADAD","https://play-lh.googleusercontent.com/a-/ALV-UjUNELD36o2CZ3IqeqahkfTZbbjJSrhMCbDX4otE20-q_lhWPlGR","D kasih tim yang power nya gak seimbang mulu kalo mau naik tingkatkan di rank, dari sistem gak jelas setiap mau naik rank di kasi kalah mulu setiap win streak 5 kali kalah nya 10 kali lebih","1","0","1.8.47.9191","2024-04-28 19:04:57","","","1.8.47.9191"
"d6f63fbe-fb48-4773-bda4-53acd7053e60","WILLIAM ROGerss","https://play-lh.googleusercontent.com/a-/ALV-UjX_TYEeyL-aqqbujkS1aQGbPYlbOZOpo-RMQzt6mUr3w7RJkgM","Main solo rank skrg ga lgi nyaman kyk dlu skrg rata2 dikasih pemain bot yg bisanya cuma feeder","1","0","1.8.79.9552","2024-04-28 19:03:32","","","1.8.79.9552"
"d58a443e-1819-4ede-83c7-42c641814b89","Yx","https://play-lh.googleusercontent.com/a-/ALV-UjXSzxuiJ7VfPCYFCAVAhgnTYNu1I9OlV_vnfk4HBMtF4x2GN6Nz","Adain event skin epic 100 DM kayak di advance server, nanti bintang nya dinaikin.","1","0","1.8.66.9421","2024-04-28 19:03:20","","","1.8.66.9421"
"c884c9fe-3568-4790-8a66-09c8d6e3a4e6","Hadiwi bowo","https://play-lh.googleusercontent.com/a-/ALV-UjUJ6Ojsmvj6NIe5sx1_FaWCcYF0ogmjYLNAc5Jcy9V8sxagzayu","gas","5","0","1.4.37.4722","2024-04-28 19:03:01","","","1.4.37.4722"
"1e5ee22d-0d19-48f8-ba67-6e5014b383e8","R Besar","https://play-lh.googleusercontent.com/a-/ALV-UjUcdgl7lly7paVFXRL7fpig13Py070_3ZDXRqvGrNyoxEYFwZ0","Jangan main game ini saya main 6 jam nonstop bukan nambah bintang malah ngurang","1","0","1.8.79.9552","2024-04-28 19:02:27","","","1.8.79.9552"
"af9e5494-056d-4e4f-a09c-aba8d653007e","drak azis","https://play-lh.googleusercontent.com/a-/ALV-UjVIMPvh50Lf8jiCI77lm0PJa_TUiEAnGzYb56zHYIO_OdzSaAg","hapuskan sistem trio ketemu dengan solo solo, tekadang trio tim saya malah dapat poin perunggu!","1","0","1.8.79.9552","2024-04-28 19:02:11","","","1.8.79.9552"
"e941d59f-b23e-4962-a0d3-a04fb4bf4865","Sigit Prayoga","https://play-lh.googleusercontent.com/a-/ALV-UjWQ8yr6Lh1vjWZ1OuqRBK_Fr7psSzq4zqgJFvTgdLzLkwYd0Wc1","saya selalu nemu tim tolol Saya harap monton memperbaiki dan saya harap monton menghilangkan cheat","2","0","1.8.79.9552","2024-04-28 19:02:06","","","1.8.79.9552"
"da370dd2-0959-4404-a1ad-78745bf1b419","Anim Budiarto","https://play-lh.googleusercontent.com/a/ACg8ocIGGnr6FuIN8Xf5lYvTQp_RhnL1b5XnsP2dfPgeO22MP_VU1g=mo","Dark sistem","1","0","1.8.79.9552","2024-04-28 19:02:05","","","1.8.79.9552"
"11c0d50d-7309-426d-b016-90e736f4c467","Masturiah 12","https://play-lh.googleusercontent.com/a/ACg8ocI39NuEM56g4qyc4zdQjqN3M1xNFLgC6BN3in94qaGV5v0Zuw=mo","Bagus","5","0","1.8.79.9552","2024-04-28 19:00:46","","","1.8.79.9552"
"83ad9a79-7992-4831-a2b6-ee4621b7fac3","Dicky Sunda","https://play-lh.googleusercontent.com/a/ACg8ocIv8Q4LHxQnoypfpIvFzKD6Cn1tynvtoau2Nrux4al_LrM-Ag=mo","Madep","5","0","1.8.79.9552","2024-04-28 19:00:16","","","1.8.79.9552"
"8e5fd5db-23de-4bf6-809b-a296fc62ebf5","Putraismail","https://play-lh.googleusercontent.com/a/ACg8ocIs59SgAR33P6U3Cg7ElQyZlSIEntyYkpFI-tGt3R3eUZiOmZsb=mo","Ok","5","0","1.8.79.9552","2024-04-28 18:59:20","","","1.8.79.9552"
"ac1df003-54de-4784-a18d-635c349dbb53","Panjol Bae","https://play-lh.googleusercontent.com/a-/ALV-UjWN9kDOQAoMXrDXQkT5XatRoRaPaZgZgMo1UK5V6MoRoY6ZRhw","Nonton taii masak epik masok room mitik","1","0","","2024-04-28 18:57:36","","",""
"182a4342-9397-43cc-81ed-ac0441afd485","Sulaiman","https://play-lh.googleusercontent.com/a-/ALV-UjWPCzcH8oLNVWCjoXdAYXwxq1RbhjgxuOuYI8I15JVvWq6sYuFO","report banyak disalah gunakan ama yg mabar bertiga system bobrok payah .","1","0","1.8.79.9552","2024-04-28 18:56:55","","","1.8.79.9552"
"112d42fc-65c7-47fd-9123-954dc7b68445","Sidokare 08","https://play-lh.googleusercontent.com/a/ACg8ocJAYKW4IAD0dYhcniZOoDf5nWd4Ga-iwz9NW79kgaoUxSoiHQ=mo","Mantap","5","0","1.8.79.9552","2024-04-28 18:56:35","","","1.8.79.9552"
"c04d6d68-7fa3-4043-b80b-3630d942ec2a","muhammad agus","https://play-lh.googleusercontent.com/a/ACg8ocIKvsGhLKTdu7mIttQMypktggbhgmQr0vtBp516JGKTdzq9hQ=mo","Pelayanan pelanggan tidak berguna.sudah jelas 1 tim player bermain buruk aku report tidak ditindak. Jika aku bermain buruk karena sinyal buruk tetapi aku masih berusaha bermain di report tim aku kena report","1","0","1.8.79.9552","2024-04-28 18:55:39","","","1.8.79.9552"
"f589bc10-5e35-4e94-a549-ffc1432932a7","Rizki Ardiansyah","https://play-lh.googleusercontent.com/a/ACg8ocJ09QKRl-ee0JyrKhowumx6HztUDAxGXGKK5Du9r7plaBT-pQ=mo","Mending uninstal aja gak usah mainin game stres kyk gini habisin waktu percuma gak sesuai dapat timnya","1","0","1.8.79.9552","2024-04-28 18:54:39","","","1.8.79.9552"
"e75816a1-860c-4e04-acd8-550114af43b2","Asliah Liah","https://play-lh.googleusercontent.com/a/ACg8ocJiARE8yeYmIXGl_xBIOiYi2U0maHHnzvYIS58uLwMjDOv_VQ=mo","Ok","5","0","1.5.46.5971","2024-04-28 18:52:10","","","1.5.46.5971"
"86b1b114-17c3-445c-8353-32d60afc4e6f","ZX PALKON","https://play-lh.googleusercontent.com/a-/ALV-UjX0QIOVVJg11XWodf-0auz81OVRiEnoj7SOQckr7Y5kPFY407g","Saya kecewa ahir ahir inj sering dapet tim gak jelas entah kenapa untuk sementara.sangat tidak ramah bintang 1","5","0","1.8.47.9191","2024-04-28 18:51:41","","","1.8.47.9191"
"e26df139-3cf5-4979-82c2-3a5f7cc47e52","Mukhlis","https://play-lh.googleusercontent.com/a-/ALV-UjWGn1d9DTPiNuTuuRBiOGFwLST1EHWxCPPyLWwUnjgbdItxbigX","Gameplay sangat baik, secara keseluruhan pun cukup memuaskan. Namun masih saja sering terjadi ketidak seimbangan dalam permainan dah itu secara terus menerus dan berturut-turut sehingga merugikan pemain. Sering pula adanya pemain yang AFK dan terkadang lebih dari 1 player yang mana sangat merugikan pemain dan mengganggu keseimbangan permainan.","5","13","1.8.79.9552","2024-04-28 18:51:24","","","1.8.79.9552"
"5f49c2e1-67c7-4f33-9003-d67623761bce","Zainul Arifin","https://play-lh.googleusercontent.com/a/ACg8ocJYxZKDoWR3bBbzEj6qXliiJhEPBc7r3Z71cwdljQXv7tK9Eg=mo","Lumayan meski msh ada bug nya","3","0","1.8.79.9552","2024-04-28 18:49:49","","","1.8.79.9552"
"568ec769-bad5-45e8-8e7b-3b82cd0bc40e","Wildan","https://play-lh.googleusercontent.com/a/ACg8ocLU1yoM0nzakf_qRbTTm6lgYrqVtFaLmSPfy0Dw3xjdqCB3Cw=mo","Apalah Moonton Tiba Tiba Frame Padahal Jaringan Bagus Penyimpanan Masih Kosong Tapi Kenapa Frame,Dan Kenapa Ngasih Tim Yang Bot Sedangkan Musuhnya Pada Jago Masa Gw Nge Stack Di Bintang 70-75 Mah Tolong Lah Moonton","2","0","","2024-04-28 18:49:46","Dear Hero,
Maaf atas ketidaknyamanan ini, silakan coba ganti jaringan terlebih dahulu. Jika Anda masih tidak dapat terhubung ke game, silakan hubungi kami melalui CS in-game atau email, sertakan ID game, ID server, perangkat, dan tangkapan layar agar kami dapat menemukan penyebab masalah Anda dan memberikan solusi yang akurat.","2024-04-29 03:11:33",""
"dab16335-34ed-42bf-8a9a-6894f44a1d5a","Asia. Anime_indonesia","https://play-lh.googleusercontent.com/a-/ALV-UjXL0POTTvcdl8VkAzpGm2sQbVkjTWzaOqsrix64kKMWdmbPuW4x","dark sistem mulu capee menang cuman sekali","1","0","1.8.79.9552","2024-04-28 18:47:11","","","1.8.79.9552"
"8540346e-8181-4b58-87a3-b36a529779ef","ARIS SURYA (PABLO)","https://play-lh.googleusercontent.com/a/ACg8ocKXSe55hZSPnxm0OMPzsLr9_Udu7PbqwL5sdo8vO9uMM9IJkA=mo","Gamenya seru hempone nggak cepat panas","5","0","","2024-04-28 18:46:55","","",""
"acd0b207-3af8-42d4-886a-f1edebbfc62a","Bayu Rahadian Channel","https://play-lh.googleusercontent.com/a-/ALV-UjUvkyXPowUij6-VfZqCZax6hAsIZ40ZzvbcHz23-HDNLodW-csc","Ok","5","0","1.8.79.9552","2024-04-28 18:46:27","","","1.8.79.9552"
"8e8fc9f9-9625-45d3-92bf-69813e55653e","F≈çz‚Ä¢ √òneÁ¶Ö","https://play-lh.googleusercontent.com/a-/ALV-UjWMuf1WMlbuUj7MKe7UoAMXMRdc08T7-OBgvpRwI6wnL9zqpTw","Moonton Anj Dark system kntoll","1","0","1.8.66.9421","2024-04-28 18:46:15","","","1.8.66.9421"
"366007dd-a1c6-4aeb-a458-097b39664350","Irfan Rafi","https://play-lh.googleusercontent.com/a/ACg8ocKmJSqLWbiqopaQK5e9mblYFq4h_LQXopTdsS9HTqnLvTFKnA=mo","top up diamond masa gak masuk udah 2 hari. pdhl top up lewat dalem aplikasi. mobile legend.","1","0","1.8.79.9552","2024-04-28 18:45:41","","","1.8.79.9552"
"0f009112-8171-4add-bb81-3a9b0e1dc698","SEEXY MLBB 001","https://play-lh.googleusercontent.com/a-/ALV-UjWsnxnN6qZuvz2VPApXnXe-rpC7ZoJjUL3TUjODog8AyIOzrbd46A","Gamenya seru tapi sinyalnya di optimalkan lagi!!","2","0","","2024-04-28 18:43:46","","",""
"20dc0c69-e2f4-450e-b8f8-012fb6a1e225","Fathur Rizki","https://play-lh.googleusercontent.com/a/ACg8ocIcajUteQI44kcRjwvkZdG6mnIQRQ9-akIozK7zRml8dW5fVw=mo","akun gua di ilangin kntl","2","0","1.8.79.9552","2024-04-28 18:42:19","","","1.8.79.9552"
"ae566085-aecb-4b3b-9ff6-c834b219a942","Agus Heryadi","https://play-lh.googleusercontent.com/a/ACg8ocJUas46QhEw27oqVXwj6VnSq1oo4UoIWyuPXOBlYr4HuVXaGA=mo","Good game","5","0","1.8.79.9552","2024-04-28 18:42:15","","","1.8.79.9552"
"19b5fe7d-5ff4-4e95-a654-7a6a25fd856e","Rahmat Hendra Ramadhan","https://play-lh.googleusercontent.com/a-/ALV-UjV_sV-FHEDzHmgm3r60y1i222dVlJkDEli6pJhWAwrvTGmW3go","Banyak cheater, bisa""ny cheat jaringan. Tolonglah moonton","5","0","1.8.66.9421","2024-04-28 18:41:06","","","1.8.66.9421"
"2b001d22-32fa-43d4-80cc-b62e6d73544d","Ahmadi","https://play-lh.googleusercontent.com/a/ACg8ocJoKz6g74WjzwH_HO_KTHnXBceY6YhuCc7TB5HIpNMIevqF2w=mo","Game bikin emosii , masa turun naik terus sihh , cape tau main nya , kalu random pasti dapat temann loll , musuh nya ga ada otakk","2","0","1.8.79.9552","2024-04-28 18:40:48","","","1.8.79.9552"
"23263319-2c13-4c2c-9602-e940c2515039","Rasya Gaming","https://play-lh.googleusercontent.com/a/ACg8ocJpZMEgVvje4HQaZr8_TbDwu3vBjFHI1EHUcDo1u0GcEoAjlw=mo","Bagus","5","0","1.8.79.9552","2024-04-28 18:38:47","","","1.8.79.9552"
"fb4a43d0-c1ff-42e2-8804-d12ba03388cc","RakA Naofalhadi","https://play-lh.googleusercontent.com/a/ACg8ocK8ZWWIpojy7VGOGqy9JCi8G92QCpt2BkUByJFc1Ih8DysLvA=mo","Ku kasih kau bintang 1 bujang ya","1","0","1.8.79.9552","2024-04-28 18:38:37","","","1.8.79.9552"
"ab491250-2f6d-40cd-828f-20ebef8b0fb8","Kasan Fajar","https://play-lh.googleusercontent.com/a/ACg8ocISYCsMXR6czbVWlgLTSviO75wmPnfOmN8fJwenFltHslcEdw=mo","üëç","5","0","1.8.66.9421","2024-04-28 18:38:15","","","1.8.66.9421"
"bd4ca6e0-2c48-4867-bbc9-ce4bbdd63104","Suzan Pitri cahyani","https://play-lh.googleusercontent.com/a/ACg8ocItbuoUOkKiXvSle_s_frT46E_WWBgixvVQua0l3fwUCcyo2A=mo","kalo ngasih tim yg benar tol masak legend di campur epic,legend serasa mytic imortal","1","0","1.8.66.9421","2024-04-28 18:38:04","","","1.8.66.9421"
"7ce7cdc1-c54d-47d9-aa36-62cf5f9820b0","Yogis Danang","https://play-lh.googleusercontent.com/a-/ALV-UjVCVCYVDcdhipQ5k3nBg3E4NS41Q3PqD-83JArAPNNn4LMTyaE","Keren","5","0","1.8.79.9552","2024-04-28 18:33:50","","","1.8.79.9552"
"4907c6be-bc29-4852-a7fe-933c50c489f0","TIRES CENTER","https://play-lh.googleusercontent.com/a-/ALV-UjWvOlnKSyEgn56CtS-QMngsdX-LxryhSbQg7Z18B910cIYIUrH6","Game tidak bermutu, Setiap update Backsound Betle diganti ganti mulu, gatel bgt keliatanya klo ga diganti-ganti, padahal backsound lobby, drafpik, dan betle di Season 14 enak banget, yg harus diralat mobile legend balikin semua apa yg saya katakan! Karena itu adalah identitas MLBB, ketimbang musik2 skrng","1","0","","2024-04-28 18:32:51","","",""
"c5d8963a-73d7-4128-b270-0973d24ceaed","Resmila wati","https://play-lh.googleusercontent.com/a/ACg8ocIN1S8qSbB1rUyfEJPZt7wSjCN_U667jbwXJwqTj7e6wYbcTA=mo","Game membutuhkan handphone dengan RAM yg besar","3","0","1.8.79.9552","2024-04-28 18:32:50","","","1.8.79.9552"
"351b6974-673b-4a1f-ab2b-932b92659795","EnemyzlL Faisal","https://play-lh.googleusercontent.com/a-/ALV-UjVLuQ276RkqOZYxJlf0ClhD7-c3j9YOILraxytFmLrvJwriiw1d","Yaudah iya","4","0","1.7.20.7851","2024-04-28 18:32:48","","","1.7.20.7851"
"3333814d-4d28-42c8-8bef-f1ead371fdf4","Meysie Aulia","https://play-lh.googleusercontent.com/a/ACg8ocKXpf6bprfynrxN6xYiOqUqa9jal3Ik255MTHE7_jeUpCtg0Q=mo","Makin keren","5","0","","2024-04-28 18:31:52","","",""
"f94cdb4e-d912-49a8-aa0f-13d6c5cf4249","aldous ft dar","https://play-lh.googleusercontent.com/a/ACg8ocLCGyh-1VUuqgal3Uore-ghYpPkz14K7gVPx4c6CpSUzGCSwg=mo","Bener dikit kalo ngasih tim, masa lose strek sama 15 kali?","1","0","","2024-04-28 18:31:18","","",""
"614c5e49-39f9-4147-ab10-29a368c5dc31","Yuni Ajha","https://play-lh.googleusercontent.com/a/ACg8ocKzuE1QCDQZN4LGigerR7eqLbbDEsV7_J3npy582xnmshDg=mo","Bagus grapicnya","5","0","1.8.79.9552","2024-04-28 18:31:01","","","1.8.79.9552"
"37fc3c5f-44b7-4116-a4c4-42c53b0a0ffd","Adek Gilang","https://play-lh.googleusercontent.com/a-/ALV-UjVDGoThljsBKJMb2IZ0eKmw1Dn5H-I5jdOfB8vHsoxXVIvkaMQM","Dark sistem perbaiki su","1","0","1.8.79.9552","2024-04-28 18:30:45","","","1.8.79.9552"
"d9e71bb1-9714-485b-908d-0be0fe020de0","Tyoo Ferdinad","https://play-lh.googleusercontent.com/a-/ALV-UjU5mRbhjUhK1zvfmkctu6MYtHNiFppHg1MykK40HHOLFrT13lxK","Keren","5","0","1.8.79.9552","2024-04-28 18:30:22","","","1.8.79.9552"
"b02625c3-f38f-4be4-847a-ca2e03f3f56e","Ilham Septian","https://play-lh.googleusercontent.com/a/ACg8ocLgevrwwFNIhXWwdMKtEnPBqw65X25fQaB4YIeHUitndjZKXg=mo","Good","5","0","1.8.66.9421","2024-04-28 18:30:19","","","1.8.66.9421"
"1d973314-37b7-4277-a7da-a07c60f69c4f","Revan bahari","https://play-lh.googleusercontent.com/a-/ALV-UjWp_XvYVSSjktzvl17VSlxzIgBa31sAR9hhiApFDY_m5_paMnI","Good","5","0","1.8.79.9552","2024-04-28 18:28:19","","","1.8.79.9552"
"67db9d28-cab2-4991-bec6-b310321616f7","Dieen KPK","https://play-lh.googleusercontent.com/a-/ALV-UjWp7aaDi3JOAtGq-m2rcAGWrrJKljtRl8NgxPQGpFCSvUB-UUU","Good","5","0","1.8.79.9552","2024-04-28 18:26:57","","","1.8.79.9552"
"34f4925b-0bef-47aa-882f-9b65c9a35e64","arra 1706","https://play-lh.googleusercontent.com/a/ACg8ocJowiyAvL56s83ze0DeSHZSYDwX-yGk4WLg3BvS7HjvexHwdA=mo","Plis moonton kenapa sering keluar lagi pas lagi matching sehingga afk. Aku udah coba relog tapi ga bisa masuk","1","0","1.8.79.9552","2024-04-28 18:26:39","","","1.8.79.9552"
"85a104f7-50f0-48f8-b0ce-ebad684412d2","Dimas Wibowo","https://play-lh.googleusercontent.com/a/ACg8ocLdW6WnndzHS9osRR-UHYEbjWw4Ld-zmZSv_hrHBRgv8HPD4w=mo","Bguss bngt","5","0","1.8.79.9552","2024-04-28 18:24:35","","","1.8.79.9552"
"18cd457f-ca6d-49ac-b482-7b640292c139","Zahara Oktasyah","https://play-lh.googleusercontent.com/a-/ALV-UjWLomoVEpAt5pnkoKb4CMLJyrlhl8Jfmw1PiQDRtTXC4ya5Cwk","iniii kenapa gua di mute terus siiiii, nyebelin amat si luuu, kokkkk si alii ga di mute siii pilih kasih amatt, diaaa juga suka toxic lohhhh:((((","1","0","1.8.66.9421","2024-04-28 18:21:47","","","1.8.66.9421"
"f6e76141-971e-43b6-a6bd-688a64f68c40","Panjul Labaz","https://play-lh.googleusercontent.com/a/ACg8ocKoPdzJJBxYit9CWxvsXE4ksBEkHx5xC_aJGxfnnXkMWrYEbQ=mo","Satu satunya game yang dimainkan","5","0","1.8.79.9552","2024-04-28 18:20:39","","","1.8.79.9552"
"a59534ee-1be5-4483-a9d0-454d87dfec3c","Ipadz hadi Permana","https://play-lh.googleusercontent.com/a/ACg8ocIUiB_PQIAClBRdzh5c8F6sPLWzdz6HbMI351n90O_gwQdFmA=mo","Mantap","5","0","1.8.79.9552","2024-04-28 18:20:05","","","1.8.79.9552"
"a49adad2-6dab-4031-b1c6-2c485c8831a8","12_BAGUS SUSANTO _XII TBSM 1","https://play-lh.googleusercontent.com/a-/ALV-UjWyoCASY8RRSVaZgZVIW3Bxv9Z6foyNUoT-X0gbv-0DyTWujCk","Bocahn dongo¬≤ dalem gamenyaa","1","0","1.8.66.9421","2024-04-28 18:19:46","","","1.8.66.9421"
"01489406-889d-4980-9b3b-1cb8846b81f8","[86] Brodin","https://play-lh.googleusercontent.com/a-/ALV-UjVuoSjTToSjTumMRkZMLzDMQTwcf-iaqH1ZnT-UukYl1RzHpcDR","hadehh, Makin hari makin lag jaringannya, benerin dulu jaringannya atuh masa pas war langsung lag gak bisa gerak, makin di update makin jelek jaringannya, hadehhhh... udah mau reset season kok makin buruk yaa updatenya? :(","3","0","1.7.58.8261","2024-04-28 18:18:20","","","1.7.58.8261"
"b02fdc2c-4361-42e7-8abd-118cbbe325e6","Unregistered","https://play-lh.googleusercontent.com/a-/ALV-UjWhnO6ASjj4dtLbi66FMtN15gLy45YtyeFuFAVXT-moFyksD2g","game bagus tapi system matchmaking busuk, kalah menang udah di settingan dari moonton, tier tinggi dikasih team feeder, kalah sampai beruntun tanpa mikirin player push rank susah payah","1","3","1.8.66.9421","2024-04-28 18:18:14","","","1.8.66.9421"
"47a6e5b6-bcdc-4a5b-9be9-3d2ae4d1710d","Sahlan Rozak7","https://play-lh.googleusercontent.com/a/ACg8ocJZilHT3FLfyC8PcFGh5MepZyrNe_ZVAPKNZFIefo_oTaH0Jw=mo","monton celeng","1","0","1.8.79.9552","2024-04-28 18:18:07","","","1.8.79.9552"
"fc3b133d-3487-43e0-92ee-ce7ed534e748","Pujaan Hati","https://play-lh.googleusercontent.com/a-/ALV-UjVj37IToyifjj8R8ArlTckcZckV739-LV3jEioENEMhT-geYBo","üëåüëåüëåüëå","5","0","1.5.26.5721","2024-04-28 18:17:16","","","1.5.26.5721"
"6723c23a-b60e-4e5a-87b6-633a8370c219","mas gendutz","https://play-lh.googleusercontent.com/a-/ALV-UjVd0A7BJEtukOlSkjIRvZeVuSrVFXoZo4Xn9oGVaP6LbLbyrW_m","Meyenangkan.. Tpi harus siap update gadged biar bisa mengikuti(karna Makin bagus auto Makin besar filenya), üëç","5","1","1.8.66.9421","2024-04-28 18:16:37","Dear Player,

Valir dan Tim sedang berusaha memperbaiki masalah Lag secepat mungkin. Mohon aktifkan Speed Mode pada menu pengaturan jika kamu mengalami masalah koneksi.

Jika tidak berhasil, silakan hubungi CS kami melalui ikon Customer Service di lobi Game dan deskripsikan secara detail masalah Lag kamu.

Valir-The World of Flame is my domain","2019-03-25 08:33:05","1.8.66.9421"
"2c94f265-20a0-48be-b019-40ec0d3eeb07","Muhammad Hafid Ashari","https://play-lh.googleusercontent.com/a/ACg8ocIDNJVD9huxxxb3pNyMHQebPJXbSD4L-Eho-aEz6Bn_mMzD3A=mo","Gem oke punya","5","0","1.8.79.9552","2024-04-28 18:14:13","","","1.8.79.9552"
"50758950-92a0-47de-8265-399c43a2f07d","Apen aja Apen","https://play-lh.googleusercontent.com/a/ACg8ocLgjv6jF1wWlnXyzthrkwtRQroaU28Ap1LihJxYQakHatAa1w=mo","Uff Thenks yu","4","0","","2024-04-28 18:12:49","","",""
"b119ed72-fd87-4bbf-bd2a-b8ea0a0ae006","Alfares Strs","https://play-lh.googleusercontent.com/a-/ALV-UjVJfymi9V7VwUSlGZYOLZq0fOsAzGVETRvoc8hQ9kyfCus7yZo","Game nya bagus, keren tapi agak boros penyimpanan bagi kami yang mempunyai HP ram kecil tolong di permudahkan makasih","5","0","1.8.79.9552","2024-04-28 18:12:03","","","1.8.79.9552"
"3598e2ef-da68-4f46-bcf9-029a6c1b2edf","ro cher","https://play-lh.googleusercontent.com/a/ACg8ocJN6PHvFjZOtADiBZGAmBbl8db-4VqdLLAstLfUyN2CymBJgg=mo","Moonton ajg! Gue main magic chess lu kasih pemain dark system, sama aja ngerank tim gblk semua! Sistem muka asu kau moontod taik asu","1","0","1.8.66.9421","2024-04-28 18:11:48","","","1.8.66.9421"
"3717bb96-4f5c-4812-becb-d365c2d09fb9","Kang Ngefeed","https://play-lh.googleusercontent.com/a/ACg8ocJaEmQuysdNQnFsxenVn8dxiB1keDjhVKYZVcLYstxpMMDt9g=mo","Kasih tim tholol trus","2","0","1.8.22.8944","2024-04-28 18:09:48","","","1.8.22.8944"
"a3a130b4-6c5c-40d7-9400-e84b114320f6","nirmala ratu","https://play-lh.googleusercontent.com/a-/ALV-UjW51brnw3v3aATFfXZhkAABACZurGCxbdw2zs12qcWVeeMISyE","Gue kasih bintang biar bisa lo baca smuanya.,. Nie game sekarang makin gak ada manfaatny buat klian.. Setiap kalian report orng yg ga guna ata cm beban dan tidak ada kontribusi. pasti jawaban monton yg tolol itu player yg dreport tidak melakukan pelanggaran.,. Tpi jika qt melakukan pelanggaran sekali etah appun itu langsng dpat hukuman.,. Jad buat klian smua hapus game tolol ini.,. Saatnya qt mmbuat game lain jadi laku","4","1","1.8.79.9552","2024-04-28 18:07:29","","","1.8.79.9552"
"48ac1830-73df-4db1-9fa3-64915ee447db","Yoanita Septie","https://play-lh.googleusercontent.com/a-/ALV-UjXhHyXS4NQBFms71cagIC13NcMkFUwnUiS-T57K13-oJ2N47g5F","ËØ∑Âú®Âç∏ËΩΩMobile Legends‰πãÂâçËßÇÁúãÔºåÊñ∞ÁöÑÂØπÊâãÂπ∂‰∏çÂõ∞ÈöæÔºåÂõ†‰∏∫ÊØè‰∏™Á∫ßÂà´ÊÄªÊòØ‰∏Ä‰∏™Âõ∞ÈöæÁöÑÂØπÊâã","1","1","1.8.79.9552","2024-04-28 18:07:08","","","1.8.79.9552"
"826048ad-ac6c-49a5-89d9-a90e0a799e76","Misbah PsbyfansOI","https://play-lh.googleusercontent.com/a-/ALV-UjWsdjLxX6UVLcBhP21C9Zp6dRYBermJWZJ7cU6A9liFDIBG3nSr","Game plagiat, tim tolol tidak masuk akal","1","0","1.8.66.9421","2024-04-28 18:06:35","","","1.8.66.9421"
"397734a8-2dba-42d9-aed2-275b0c6ed68c","DweeWoy","https://play-lh.googleusercontent.com/a-/ALV-UjXEufqT_l16SeFHy20feTRvrtCLTSWZfxyQv6fft5a-TMxJ6sxH","WOY MOONTOON!!GUA MAEN ML BUAT CARI HIBURAN KENAPA MALAH YANG DAPET EMOSI DI GAME LU JING!LU KALO GA SUKA SAMA GW BILANG.GUA MAEN KENA DARK SISTEM MULU.KALAH MULU GW CARI KESENANGAN BUKAN MALAH MARAH"" LU CARI AJA NIKE:cewe manis PP laki"".liat histori liat.gw komen biar Lo tau kalo Lo diposisi gw.lose Mulu.fckY","1","0","1.8.47.9191","2024-04-28 18:06:14","","","1.8.47.9191"
"9a73df47-fd0b-450b-a0f4-c4a1be078249","GALIH DWI YOGATAMA (YOGATAMA)","https://play-lh.googleusercontent.com/a-/ALV-UjUv_TB1pIXCqJ7ANcEQA4kWYzZXu4mOSM4XBcyqH8AkZ2JZXsqr","Kereeenn","5","0","1.8.79.9552","2024-04-28 18:04:58","","","1.8.79.9552"
"605515c4-b8ee-4b53-82db-75b2ef279f57","M.hakiki Lubis","https://play-lh.googleusercontent.com/a/ACg8ocI88M74IwX0e8RoF2O294WCUjTi6jsjZCMyC7Ztqi6tmQk0Hw=mo","Cukup menarik untuk hiburan..","5","0","1.8.79.9552","2024-04-28 18:03:47","","","1.8.79.9552"
"fda0ad4b-6776-4249-a8e6-ad74f7271afa","Pengguna Google","https://play-lh.googleusercontent.com/EGemoI2NTXmTsBVtJqk8jxF9rh8ApRWfsIMQSt2uE4OcpQqbFu7f7NbTK05lx80nuSijCz7sc3a277R67g","Sangat baik game ini","5","0","","2024-04-28 18:03:35","","",""
"eace859b-f7cb-4adc-91f9-fb509adcad99","S Sofyana (iyan)","https://play-lh.googleusercontent.com/a-/ALV-UjVFRIk68nNAh9X37HuqQsMdaayG3YFiD1NsOmOtWZquIGQTSFZU","Buang gabut","5","0","1.8.79.9552","2024-04-28 18:02:57","","","1.8.79.9552"
"6a3e5395-7693-4795-884f-d156e952d27b","Muhamad Azfa","https://play-lh.googleusercontent.com/a-/ALV-UjU2vIAWJItAxCZ-kVzIJxEo-kRPTtJWYySUJJFFmufAI2OGzvCo","moba kok analog?","5","0","","2024-04-28 18:02:25","","",""
"eb94af75-cada-431a-9985-c4351809a90e","Ndit adrian","https://play-lh.googleusercontent.com/a-/ALV-UjU7QF-dQGlWapzPYFD0SgjPVND9MuTUEF8PUJH0wKTcR-2dWuOH","Mantappp","5","0","1.8.66.9421","2024-04-28 18:02:17","","","1.8.66.9421"
"32409cf3-c912-4156-b7ff-bfd9f7b35614","reyvaldo threenadi","https://play-lh.googleusercontent.com/a/ACg8ocLtIjC3ipYzn_gfAKfnJjVnwgNzaQLpcRH1055WadbHSRLjeA=mo","ü§ü","5","0","1.8.79.9552","2024-04-28 18:01:46","","","1.8.79.9552"
"fb380d8e-d9fb-462d-8901-5e261c0d892c","Vickysayank Sayank","https://play-lh.googleusercontent.com/a-/ALV-UjWi-e9SawhpH3HrcpiW7mHI9Y3ae4vYy_WMRrDIEw8gzdPeE5NX","Ml bangsat","5","0","1.8.79.9552","2024-04-28 18:00:13","","","1.8.79.9552"
"02dd50f0-5b66-47b3-b2ec-04caf3badb29","Ferry Fawwaz","https://play-lh.googleusercontent.com/a-/ALV-UjXqOvJQn21WNGIaCMq-Fubvt2FI-o_ovFr7FxenLXqxvHrxldvF","kenapa sih tiap lagi war pasti jaringan trus padahal sinyal bagus ehh tiba tiba kluar game mau login lagi gak bisa padahal kuota banyak","1","0","","2024-04-28 17:59:48","Dear Hero,
Maaf atas ketidaknyamanan ini, silakan coba ganti jaringan terlebih dahulu. Jika Anda masih tidak dapat terhubung ke game, silakan hubungi kami melalui CS in-game atau email, sertakan ID game, ID server, perangkat, dan tangkapan layar agar kami dapat menemukan penyebab masalah Anda dan memberikan solusi yang akurat.","2024-04-29 03:11:31",""
"34820630-f266-4950-a376-82f896ade81a","Bagas Ramadhan","https://play-lh.googleusercontent.com/a-/ALV-UjVbsQF4KiUs-av4OlMt1Cvekj3fUw-bGrTK8bUtKMcToZt4EJRP7g","yuhuu","5","0","1.8.66.9421","2024-04-28 17:58:56","","","1.8.66.9421"
"432a690a-e163-426e-9b5a-3f17c0a9630a","Supri Ajah","https://play-lh.googleusercontent.com/a/ACg8ocKZECh4jeg0Inui1da49a89pr8T8oLhZ3Nj5G9TOa3Ke6oMKw=mo","Mantap terus banyakin losstrek,,gila dikit ngk garuhh,,gam mantap","5","0","1.8.79.9552","2024-04-28 17:58:10","","","1.8.79.9552"
"1f8ee273-9927-43f2-bd2c-360b3e4e537e","Muhamad Natshier","https://play-lh.googleusercontent.com/a-/ALV-UjWdcxx4QW0Aoq1oGnZYRM-7l2m3FynP-_Qg5Txq-wHyq-9TAko","Matching ga seimbang, setap menang 3x lngsng d kasi lose 5x. buatin kek khusus buat yang solo biar ga ktemu sama yang mabar nyusahin yng main bner¬≤ as solo","1","0","1.8.66.9421","2024-04-28 17:57:52","","","1.8.66.9421"
"1753a8fd-0e45-42cf-a7b3-c0208bdee410","Ilham Ipani","https://play-lh.googleusercontent.com/a-/ALV-UjVZiOwlbYsd_fK_uG3x4qysy7zzp_VCiMmSOEeA_zjaJJO6w3N5","keren","5","0","","2024-04-28 17:57:44","","",""
"6add0769-14e2-49e9-ac45-733b5a7a284d","Faiz01 Rahman","https://play-lh.googleusercontent.com/a-/ALV-UjU9z4F73_FzkQRp79ChK623yD8kbtsfK0ndSsmQP1-eHaN4LM9V","Munculin skin yz starlight lah, masa diubah aturan Mei ada starlight yz","3","0","1.8.79.9552","2024-04-28 17:56:40","","","1.8.79.9552"
"4d21fb8c-bf16-4804-8ce8-e8039d5f2137","Sfranz 26","https://play-lh.googleusercontent.com/a-/ALV-UjXaLn2N_laAxo4QqYL_R0siSSCg2egMOqwOSSJnj-HQ4yumQNCH","Ok","5","0","1.8.79.9552","2024-04-28 17:56:33","","","1.8.79.9552"
"3ac273db-28d6-486a-916f-3d0c8dd3141f","Rudi Hadisuwarno Suwarno","https://play-lh.googleusercontent.com/a/ACg8ocKl-OA8pPEgAYZ-5m1Sts4BeMf5IGs8GqjKmtu-1YE9L8ZvPA=mo","Sangat puas","5","0","1.8.79.9552","2024-04-28 17:54:57","","","1.8.79.9552"
"a51f03dd-517d-4828-b877-f572c138db98","Hakie Hulhalk","https://play-lh.googleusercontent.com/a/ACg8ocJthW8Ai2ICh8TXwUK4U2yp9JcA9xLllcxn5GS_DwkCDIATEg=mo","Good game","5","0","1.8.79.9552","2024-04-28 17:54:33","","","1.8.79.9552"
"751b4eb4-7bba-4e29-873e-b93cb6c22952","Hamzah Assegaf","https://play-lh.googleusercontent.com/a/ACg8ocIyDH4tREa-ewvadKBtqBSbHnH6hmmvq92mZkmfIKQPjlg4bw=mo","ü•∞","5","0","","2024-04-28 17:54:16","","",""
"0096923a-11eb-4d14-955d-74f04a91ab44","Arisnopiya","https://play-lh.googleusercontent.com/a-/ALV-UjV53YW4gf3ECmIoS3MfJEG6bo4ybebkayo-nPOY3pVQX2mxEE8","Gue player lama tapi tolonglah untuk pihak moonton dibenahi lagi mode rank gue slalu lose streak karena slalu dapat player baru set emblem gue semua full level 60 Kalau bisa mode rank nya di sesuaikan jngan asal2an player lama jadi bosan malas on kalau kayak gini terus tidak ada perubahan dalam matching","2","0","1.8.79.9552","2024-04-28 17:54:16","","","1.8.79.9552"
"19893652-321b-4484-87df-b468b226cb0b","Rafqy Raf","https://play-lh.googleusercontent.com/a/ACg8ocIL3Bzbj3alsomGzYcF7orsdZJHOfLkvLvTww8PO4jEMClFDg=mo","Kalau ngasih tim yang ngotak lah,gwe maen masak ga nambah malah ngurang NGOTAK KONTOLLL!!!","1","0","1.8.66.9421","2024-04-28 17:52:52","","","1.8.66.9421"
"574139a3-63aa-4717-aed2-34a69acedfc3","Vikri Kancil","https://play-lh.googleusercontent.com/a/ACg8ocIw6upOIs5Y82HJI244MLlD4DyUWDNFCGP8PAlr1DG9Kuo-Dg=mo","game yang sangat terbaik....","5","0","1.8.66.9421","2024-04-28 17:50:27","","","1.8.66.9421"
"2d0ffc64-bcf4-44fa-9054-dc8150fb3334","Dadi Combest","https://play-lh.googleusercontent.com/a/ACg8ocIpo_ryJJg4zwu7OB5hgCMbNIHgZDV02O7QTrp_XLoIXJ03qA=mo","Permainan bagus","5","0","1.8.66.9421","2024-04-28 17:49:52","","","1.8.66.9421"
"cda638da-1d7a-4304-b4d3-d0f704d96a5c","NUR Ferdy Ananda saputra","https://play-lh.googleusercontent.com/a-/ALV-UjWMuz4MSAYihVgWyt5CtkzqwoXQ7nVwnGFaZC4hQlQtPe1Xk3BV","Team tempek terus dapat apalah","1","0","1.8.79.9552","2024-04-28 17:49:11","","","1.8.79.9552"
"74fbc225-61de-445e-98c4-6f302649f527","King Gabut","https://play-lh.googleusercontent.com/a/ACg8ocLDUhlQRFg53-3OHeQbndCvWZZoM_68yIdG0ZQCgcjW7nTJ7Q=mo","Permainan tidak adil,toxic,troll,","1","0","1.8.79.9552","2024-04-28 17:46:50","","","1.8.79.9552"
"558d937a-1e0f-4427-a21f-1c164642247e","TX MOBA","https://play-lh.googleusercontent.com/a-/ALV-UjWEoJkRBHJghve8Do4ev_KK3w-19Pg4vobUjaOH4WtHe0ln0m5a","Memacu adrenalin","5","0","1.8.79.9552","2024-04-28 17:46:49","","","1.8.79.9552"
"992eb9de-609a-4e01-bbf3-9d49afdb8cb6","Jiwa Al-Fakir","https://play-lh.googleusercontent.com/a-/ALV-UjUhRvQIg7zHAnspsx5sWqfZBUHlJRgGsqx269BRfCWA3UXmR4Lk","bagus dan seru permainan mobanya asyik","5","0","1.8.79.9552","2024-04-28 17:45:22","","","1.8.79.9552"
"66f326eb-c2c2-4c71-a369-5285e675dc8a","Muhamad Ramdan","https://play-lh.googleusercontent.com/a/ACg8ocKvUhZjt_fuNum29A2SATmrkKePipbOdHzhv3wLG8MDiv6ZLg=mo","Moonton game apa ini,Di kasih team yang bego semua,Makin lama makin parah di kasih team bot doang cape","1","0","1.8.66.9421","2024-04-28 17:45:07","Dear Hero,
Kami bertekad untuk menciptakan lingkungan permainan yang adil untuk setiap pemain dan terus meningkatkan pengalaman permainan Anda, terima kasih atas dukungan Anda sampai saat ini, Anda dapat menghubungi kami melalui layanan CS dalam game dan memberikan lebih banyak ulasan dan informasi terperinci. Kami Akan membantu Anda secepatnya.","2023-07-11 04:27:00","1.8.66.9421"
"a9171f63-84f4-47cc-8a35-38cf7dcb0e2a","Al Djokam","https://play-lh.googleusercontent.com/a/ACg8ocLFw927g-Itp000k8GbFtsCpPSm5uc6-ZnI-zCcKu7fWAvv1g=mo","Capek anjir main dapet tim bot, sampai kapan gini anjir, dari mitikk turun lg ke gm, anjir anjir","1","0","1.8.79.9552","2024-04-28 17:43:59","","","1.8.79.9552"
"98d61640-16cd-4fe0-99d1-0f2f6abc9455","Mulya Jamil","https://play-lh.googleusercontent.com/a-/ALV-UjVsBdLy1PdQQ_WYCzEW-8_ewu50Lib9_b6wLnM3pVmgnOKN3a2I","Good and awesome","5","0","1.8.79.9552","2024-04-28 17:43:50","","","1.8.79.9552"
"b6f081b5-10ed-41c4-9fcd-822e8a828ee4","Tau Fiq","https://play-lh.googleusercontent.com/a-/ALV-UjV90YcrOmj6rdt1s1WRQmVIiahZVdCWlspt4sUsnQkPkLu-uCo","Setelah bermain game ini saya menjadi setengah gila gara gara dikasih tim ga kompak terus menerus","1","0","1.7.69.8401","2024-04-28 17:43:43","","","1.7.69.8401"
"0a550ef2-ecc3-4d8f-a829-e5cdfddd2938","Anca Mahir","https://play-lh.googleusercontent.com/a/ACg8ocIbad0KtfbXe-9V45gYHYqXqPGgY42rGBhhWiQtJCupgS8Gxw=mo","Terima kasih gamenya udah agak lancar dan tim mact nya juga imbang","4","0","","2024-04-28 17:43:29","","",""
"67649b0e-ee40-448b-a9e2-2bed52d123e5","kip_ Zull","https://play-lh.googleusercontent.com/a-/ALV-UjUAaQNIebpT2z2ju0QlRY0lK--voqYQoxgBVuxeqYdS5e832Qg","Good aj si","5","0","1.8.66.9421","2024-04-28 17:42:40","","","1.8.66.9421"
"c5fa24cb-8b94-4341-b267-a54d054c50a2","Bang Zals09","https://play-lh.googleusercontent.com/a/ACg8ocLVK0W-CKaq9FilTjYaG1t8nheTXZOz91fCL6wINpCnOFibsdI=mo","Banyak drk system bb","2","0","1.8.79.9552","2024-04-28 17:42:17","","","1.8.79.9552"
"e3de5d4d-f020-4415-8f6f-0b0188c78ca2","Siska Bare","https://play-lh.googleusercontent.com/a/ACg8ocKNgCulISBXuRqTQOb9ZncDG1lv-5fERgc5rDinYgw2xc1fIg=mo","Benerin dulu apk lu montoon masak jaringan bagus kalo war ping tinggi sendiri¬≤lu kalo mau nurunin rank g gt lah cara nya bisa¬≤player lama malah di kasih drak sistem mulu ngotak dikit lah moonton udah habis hp aja gara¬≤lu ngasih drack sistem ga jelas jaringan hp bagus tiba¬≤lag kalo pas war g ngotak kli","1","0","1.8.66.9421","2024-04-28 17:40:58","Dear Hero,
Maaf atas ketidaknyamanan ini, silakan coba ganti jaringan terlebih dahulu. Jika Anda masih tidak dapat terhubung ke game, silakan hubungi kami melalui CS in-game atau email, sertakan ID game, ID server, perangkat, dan tangkapan layar agar kami dapat menemukan penyebab masalah Anda dan memberikan solusi yang akurat.","2024-04-29 03:11:30","1.8.66.9421"
"06928416-2c29-43a0-a197-df744360247c","Junaidi desso","https://play-lh.googleusercontent.com/a-/ALV-UjWkiE8XN8bmswHysfSLMtzU-b5as2zVnexD0gSR2_26V-4TkQ","saya kcewa dengan monton maennya gak bermutu dan slalu kalah","1","0","1.8.79.9552","2024-04-28 17:40:39","","","1.8.79.9552"
"4dd83cb7-8922-40ba-8886-1e2778ec93b2","RAhmat Rahmat","https://play-lh.googleusercontent.com/a/ACg8ocIMpHDHioPsQfSOQWp3Q0OQ92rAm_SgVb0NutdROCr0l5k3Cw=mo","Gua tidak melakukan apk tapi kau buat apk,saya udah honor tapi kau kasih saya tim legend, yg bener lah kau buat prmainan, tidak seimbang dgn gemplay saya,capek saya kena drak sistem.lama lama gem ini bikin org stres, bukan menghilangkan stres, tpi menambah stresüò°","1","0","1.8.79.9552","2024-04-28 17:40:01","","","1.8.79.9552"
"83b1a570-92de-48ee-b022-1bee30b779eb","Muhammad Zahrudin Zidane","https://play-lh.googleusercontent.com/a-/ALV-UjUzxwwNVb-FgReO3Ev359YIqqrbZhyjLsKCyjjQmX56b7-uV_c5Hw","game gajelas, udh glory masih ada aja bot, sepi game ini lama lama","1","0","1.8.79.9552","2024-04-28 17:37:55","","","1.8.79.9552"
"7d2c53af-9ab6-42e1-991e-645143cb3338","fero alkahfi","https://play-lh.googleusercontent.com/a/ACg8ocI1nNTusGje6Pc3w0isqvZTiqgJdkcm2V9qzInAtHGKLNL_dg=mo","game aneh masa gua dapat tim yang lawak mulu , sedangkan lawan gue normal semua","1","0","1.8.66.9421","2024-04-28 17:37:16","","","1.8.66.9421"
"2ff8004d-7d45-4a41-8095-bdfa4bcf9ac7","Fauzi","https://play-lh.googleusercontent.com/a-/ALV-UjXqWcPQFPD5wUyCNQ2opU8vnrTn_pzaJCaDGoOcgyfdfWakLbReLw","To much update make to much device lag","5","0","1.8.79.9552","2024-04-28 17:37:16","","","1.8.79.9552"
"a1606bec-7b31-4a79-92df-e9d1c89adb5b","Nera Yaki","https://play-lh.googleusercontent.com/a/ACg8ocITcdPZceaZFbmc1SsLcAgVZ9pO4JeRYJrzrVERc5xyuykMwA=mo","Tolong lacak akun JAVHIHI... DIA UDAH HINA AGAMA ISLAM.. UDAH SYA LAPOR PIHAK BERWAJIB","1","0","","2024-04-28 17:37:05","","",""
"f8ed108c-5f2c-4558-92ee-affc929ba352","Max Kenton","https://play-lh.googleusercontent.com/a/ACg8ocLWAZAymwWggEzPl3yK3iBx2mVsAJwU7a7PY7xYLSNDCr48uQ=mo","najissssssss","1","0","","2024-04-28 17:37:04","","",""
"42ae9106-3f69-4f26-a3a2-5296a7c21a31","Brian Farel","https://play-lh.googleusercontent.com/a-/ALV-UjVhXMIGetqWxOQt7whUlcMx4pJxvilnZF-B0dsbfkE4R6F2mzzg","good","5","0","1.8.79.9552","2024-04-28 17:36:56","","","1.8.79.9552"
"44108a00-a810-44a3-9dd1-a5006d144aac","Putra Karbela","https://play-lh.googleusercontent.com/a-/ALV-UjUhEU-PXE8YlmPR7DLaaU_djVayYNoA1Tiv-RNebqXeadPxti_s","Tim yang jelas lah matchmaking bab!","1","0","1.8.79.9552","2024-04-28 17:36:19","","","1.8.79.9552"
"baec7a73-939c-4175-bd71-8695bca4a860","Luigi Gaelani","https://play-lh.googleusercontent.com/a-/ALV-UjVvY0CS_9ux5CxNqCS5djLJO4YQa6qm3uzdxAt02kQQaarVUQo","Kenapa sih suka dikasih dark sistem? Moonton plis jangan gitu lah gua mainnya jadi kesel bawaannya pen hapus aja ni game, gw doain lu ytim miskin ccat bgsat","1","0","1.8.79.9552","2024-04-28 17:35:59","","","1.8.79.9552"
"f932487d-29fd-4783-a675-87e96919ff79","Gabriel Sianturi","https://play-lh.googleusercontent.com/a-/ALV-UjVwyLWuxTtc3nxFzh9J-mugL1hysadQxgMayEhrCRkDL2S-F-Fq","game bagus tapi kasih tim yang ngotak","5","1","1.8.79.9552","2024-04-28 17:35:09","","","1.8.79.9552"
"33dbc407-b8d8-48db-9189-d4ed51ad6401","Muhamad Yusuf","https://play-lh.googleusercontent.com/a-/ALV-UjV22TgmFQrKWLejXtjcA-3oc6nHx6UAr6p9epmQGYBZ5Jaa61o","game nya menarik‚ò∫","5","0","1.8.66.9421","2024-04-28 17:34:39","","","1.8.66.9421"
"f7744af6-a293-4ecb-b8be-d553ed9d8e1a","Faldi Fauzi","https://play-lh.googleusercontent.com/a-/ALV-UjXhjENWu8fwKT2IjeD32Nt75BwIVhJjuIEJPHNgk8fjyGC1fSw","balikin 5k dm gue min..udah seneng¬≤ dapet dm lu tarik seenaknya..cik","5","0","1.8.66.9421","2024-04-28 17:34:17","","","1.8.66.9421"
"df9cc6ae-74e2-4ece-a9b7-0fdf9e276d92","Arif Edi saputra","https://play-lh.googleusercontent.com/a-/ALV-UjVNqq4ghG0-gveWYo0zdwQdmKxXpDvKYfoP7oNpO8-oCeBOtOoJ","Keren","5","0","","2024-04-28 17:34:00","","",""
"3377fbeb-7dd1-4ec9-b73b-5b5fe895a781","Muhammad Imanudin","https://play-lh.googleusercontent.com/a/ACg8ocJTR4XqxLA-9elyqvAjijaXV3eiXAkZLyU4W24SCJ9ynOJONQ=mo","Sangat bagus","5","0","","2024-04-28 17:33:49","","",""
"b372dbd5-0d7f-4acc-b4c1-4214f9771271","Dorman challenge's","https://play-lh.googleusercontent.com/a-/ALV-UjXUT3kvvI2w1OejouwqvjEKIFGVZJ2FPfjvIeGxzwnF0C9PgQ","Orang mah mikir dong moonton kalo ngasih team yang bener main bukan kebanyak anak trool","1","0","1.8.79.9552","2024-04-28 17:33:44","","","1.8.79.9552"
"51c5a78d-5e96-41d0-ae58-ccaf73762c2d","Android13","https://play-lh.googleusercontent.com/a/ACg8ocLSR-5jWrDv5OVjtMwWcFFFXhIrr2vgY5HnOmOUhPgLdOkJ0w=mo","Moonton is dog When playing magic chess, you know your opponent will lose, but you still meet him 3 times in a row without changing your opponent","1","0","1.8.66.9421","2024-04-28 17:33:34","","","1.8.66.9421"
"4e06270d-1e4b-4096-aa6b-ce21d0244e0f","hendro sky","https://play-lh.googleusercontent.com/a-/ALV-UjVpTlP5dRkPYyzJBzGq8jl_rWdCZyMSneLyGpLiDiOypbr5QUtw","Monton memang taiiiii....di kasih menang 2x, kalah sampek 5x","1","0","1.8.79.9552","2024-04-28 17:33:21","","","1.8.79.9552"
"cc624bf9-072c-4f31-a44c-ca79e59c6088","Arkhan Khan","https://play-lh.googleusercontent.com/a/ACg8ocK7t6KsKajQAK0Hf1kp6wtQFz6L-51bNCf4o0In-HlT6DBrsA=mo","Yolah gw punya proktesien 4 nying aaaahh capeeee gwww ngepush seminggu gadapet apapah","5","0","1.8.79.9552","2024-04-28 17:33:08","","","1.8.79.9552"
"d8b0bfd3-9b8e-4695-b3fa-3e97ca584a5b","Mhmd Rizaldi","https://play-lh.googleusercontent.com/a/ACg8ocIYRuLLImJ-ER6rJcuKfzsjlr7msfcLWiPK12ai3so9CqpWCg=mo","keren","5","0","1.8.79.9552","2024-04-28 17:32:06","","","1.8.79.9552"
"abd49ce2-3a11-4c54-96ed-32a94b8a9a8d","esther sebels","https://play-lh.googleusercontent.com/a-/ALV-UjVZ7rqLTh6fkkFHrH2-Qff2hoP6H4vr1Lr100H9XnmMcjR6FRw","Makin lama makin keren aja ni","5","0","1.8.66.9421","2024-04-28 17:30:51","","","1.8.66.9421"
"df4e1cac-0ea2-4c7f-a04a-44fbfffc9659","rian aldan","https://play-lh.googleusercontent.com/a/ACg8ocLG37fB4EReRhEky-J-qKlGOM-fO1Bi61Ixk1S8uCI9VnvCOg=mo","Terbaik pokonya","5","0","1.8.79.9552","2024-04-28 17:30:37","","","1.8.79.9552"
"0721a7e5-18b5-4e02-b550-9521f8f53cb3","rizki ablet","https://play-lh.googleusercontent.com/a/ACg8ocKVkAhiKPERodwzms6rp-tKrGZDPn-FP3Zs3lG6-r84qwvR4A=mo","Skill Lo bagus ? Gak ngaruh. Win skarang adalah dark sistem bukan skill","4","0","1.8.66.9421","2024-04-28 17:28:39","","","1.8.66.9421"
"f37dcba6-cb76-4516-aefa-bc4bbf915740","hera dani","https://play-lh.googleusercontent.com/a/ACg8ocJBuqtzSnfAgqScZH_CtHryWiWU3P1RvqvRQPQpcK81wHFfHg=mo","TOLONG KOMINFO HAPUS AJA GAME INI DARI NEGARA, GA GUNA BUAT NEGARA JUGA SISTEM LAMA2 NGACO","1","0","1.8.66.9421","2024-04-28 17:27:54","","","1.8.66.9421"
"5951982c-5311-4966-85eb-bc6dde4fc076","oh ok","https://play-lh.googleusercontent.com/a/ACg8ocLIYoH-agJNe3EBZKXgmRfZrgIsEt7wIeCmgfWJaypLCxNxRg=mo","Meta tank mulu bosen","1","0","","2024-04-28 17:27:29","","",""
"26960b6b-fc62-4363-ad3a-69736059a15f","Muhammad Bintang","https://play-lh.googleusercontent.com/a/ACg8ocKO5idD7kl4BiCISyE6vDLkcfqDo61Crz9ZUkZM6tukLI41kw=mo","Mantap wow","4","0","1.8.66.9421","2024-04-28 17:26:59","","","1.8.66.9421"
"7618ea43-9e11-4387-aa73-ff1ead85845b","Agustinus Prima","https://play-lh.googleusercontent.com/a/ACg8ocIDnYGqqsODY1XC1a7xfmu0bt1K7niafrG8XJ1qx5mA3XmknQ=mo","Game ini sangat bikin emosi","1","0","1.8.79.9552","2024-04-28 17:26:34","","","1.8.79.9552"
"50663f1a-21b4-493f-930a-0bfe77d135d9","CendolDawet","https://play-lh.googleusercontent.com/a-/ALV-UjW4F67jkO7koDl_ruxZO4ZCVaQV0lmkMhObjrl38KUMhw9kiF2g","Kecewa berat sama sistem moonton yang sekarang kalo ngasih dark sistem nya gak kira-kira, apalagi sekarang banyak akun jokian sistem pembagian tim nya pun gak sesuai sama tier kita. Lama-lama vacum dari ml","1","0","1.8.79.9552","2024-04-28 17:26:09","","","1.8.79.9552"
"4ddccf69-1f8f-4e17-88ec-854069a920f0","Ketu Utomo","https://play-lh.googleusercontent.com/a/ACg8ocJNow0Z4cYiYt8leAlfw48sHJtQG1_h0EscxbsW8Es8upqj=mo","Apaan mejic cess guardian gak ngotak defense sama attack nya, jadi mudah yang menang ketebak jadi gak seru main nya","1","0","1.8.79.9552","2024-04-28 17:26:06","","","1.8.79.9552"
"cb2db569-1155-4689-89ff-bb23cc146f82","Siwa Ff28","https://play-lh.googleusercontent.com/a-/ALV-UjXLvHWOvKi38mSugXodp4aluWj4jAjQryNrnFhy4OJXbzTlitA","Pertama kali Nemu game begini anek yang buat nya moga mati amin","1","0","1.6.85.7481","2024-04-28 17:26:00","","","1.6.85.7481"
"8777e24c-1310-431b-9fd5-82cabd1f401f","Nazril Fabian","https://play-lh.googleusercontent.com/a/ACg8ocLpfk5SDV0XUWibiDCB9bAKxEFTCWLCobtMAJgcMyaej0BEDg=mo","Good","4","0","","2024-04-28 17:25:51","","",""
"16141760-b0d5-4818-97dd-0d9571b2457e","Krisna Adimukti","https://play-lh.googleusercontent.com/a/ACg8ocLuMDXKrBF4ZIm8o45MudNxZsytwzVI4VbpDmSmgDOaXhn2HQ=mo","Sangat puas","5","0","1.8.79.9552","2024-04-28 17:25:50","","","1.8.79.9552"
"6595fbec-1171-467d-8f59-cebcbeed4a4e","Edo 2409","https://play-lh.googleusercontent.com/a/ACg8ocKgXNardOsmV6HAFUijpj-uthuu90tPJMJ6TF4WEH3rRYLdPA=mo","Moonton dark sistem","1","0","1.8.79.9552","2024-04-28 17:25:08","","","1.8.79.9552"
"2fb0219a-d575-4015-b07d-381c7c4baa05","Cecep Aguswan","https://play-lh.googleusercontent.com/a-/ALV-UjUOfpaLjBEoI3-WH7_N1Ykn4QDlxWf5WFNbjmGawikNA0u5hxE","Tambah sini semakin gak jls montoon ngasih team yg abis kalah terus game rusakkk","1","0","1.8.79.9552","2024-04-28 17:24:21","","","1.8.79.9552"
"422eaaac-a39e-44a3-9381-8abd2d13302f","Irfan Arpansa","https://play-lh.googleusercontent.com/a-/ALV-UjV4eUp1E-eEKAVcVC82NBxhuKOQ8MMfsQWw5fYBpGwJJxgDrdI","agak berat","4","0","1.8.66.9421","2024-04-28 17:23:30","","","1.8.66.9421"
"37388d5a-e69c-4b00-b9da-2d8802cdf8f4","Nanaacy","https://play-lh.googleusercontent.com/a-/ALV-UjVBzPYrfu6_Cw4woCFzcCNJBmmBnORV3Qo-VGfBdF9PxCrI1cTh","Pengaturan playernya sampah","1","0","1.8.66.9421","2024-04-28 17:22:18","","","1.8.66.9421"
"193acaba-7c36-436f-8e22-faac2c869944","Dimas Ardiansyah","https://play-lh.googleusercontent.com/a-/ALV-UjWzzk95mgcfEcVlfvuVlmyWnQtvpJEv3_MHv5qgJp0E2gKo-Sc","Mohon maaf admin ML alias montoon Gue kecewa banget skrng.. kredit skor gue turun trs.di ban Mulu skrng j gue di ban 3 hari poin sisa 83 . padahal gak afk CMN sering hilang jaringan trs setiap main gara2 di upgrade Mulu...tolol makin berat ram nya GK mikirin org Laen gmn","1","0","1.8.79.9552","2024-04-28 17:22:01","Dear Hero,
Maaf atas ketidaknyamanan ini, silakan coba ganti jaringan terlebih dahulu. Jika Anda masih tidak dapat terhubung ke game, silakan hubungi kami melalui CS in-game atau email, sertakan ID game, ID server, perangkat, dan tangkapan layar agar kami dapat menemukan penyebab masalah Anda dan memberikan solusi yang akurat.","2024-04-29 03:11:27","1.8.79.9552"
"1d61a272-2925-4555-aba7-e2311a81131c","Asrialdi Aldi","https://play-lh.googleusercontent.com/a/ACg8ocLMH7q6jRQNC2ydhqPKoFTB63-0fWJ65UWhNR_wux71RbdlWg=mo","Mantap","4","0","1.8.79.9552","2024-04-28 17:20:53","","","1.8.79.9552"
"4fe1072c-80d6-434a-96de-7aefed5847ed","rochz jr","https://play-lh.googleusercontent.com/a/ACg8ocJX3OUrslN01CWxkKxxt8-gjCEXZzyO72MRxj8Jw48LencCgg=mo","BYE MOBILE LEGEND GAME AMPAS SINYAL LAG CHEATER DIMANA-MANA MATCHMAKING AMBURADUL MENDING GUA UNINSTALL AJA ANJEEEEEEEEENG","2","0","1.8.79.9552","2024-04-28 17:20:26","","","1.8.79.9552"
"2438ad8e-82b5-436a-bb0d-b31bf779450c","Hendrian Drian","https://play-lh.googleusercontent.com/a/ACg8ocIYv0EvbhszVegjejO9e8FIGoHfY86UJcYud-JuTx67xkLAzg=mo","Game yang sangat bagus","5","0","1.8.79.9552","2024-04-28 17:20:22","","","1.8.79.9552"
"e19e2f9c-8f0f-4061-b2a1-1adea830da72","Xeflar","https://play-lh.googleusercontent.com/a-/ALV-UjU_shZcurhhmV03e5_l3mwQNTj6kckFz_Cpvmt1bUx18UQ9Q4E","Game gak waras kalah hampir 18x menang 2/3x aja yang bener aja lah sistem apasi","1","0","","2024-04-28 17:20:15","","",""
"43248b58-19cb-4a75-9235-99b0ea7174e8","Ivan Cung","https://play-lh.googleusercontent.com/a-/ALV-UjUNP7XMRF0asXHYIKIfy31vGbXCu_YqEhHSRTN-1A1nph4mHSND","WOI SISTEM MAGIC WHEEL RATE GACHA BENERINLAH BEGO BANGET MOONTON SISTEM AMPAS KAPITALIS ü§°","1","1","1.8.66.9421","2024-04-28 17:20:13","","","1.8.66.9421"
"38fa039a-b05d-4c77-ad91-6741f1171a82","bang_ fiks","https://play-lh.googleusercontent.com/a-/ALV-UjXSJvywVnh5ftHo6wLqKwfKsWzBk5LvylyUz2h0vNEvm99PlwC0","nice game","5","0","1.8.79.9552","2024-04-28 17:18:12","","","1.8.79.9552"
"497b477f-14ae-48e2-a377-e7ad2c355747","Ky yyy","https://play-lh.googleusercontent.com/a-/ALV-UjUrJ4CHTbzwyoMcmVEzaSuMbCWDAHkOYpC8KglGUhumKQz33zQ","top","5","0","1.8.79.9552","2024-04-28 17:17:28","","","1.8.79.9552"
"b56bdc38-bff5-4e90-a454-2ca9d4538f5d","William Herman","https://play-lh.googleusercontent.com/a/ACg8ocLOyLz-eOnKRNJU3cMD3kHTSu00j8NA-KDXaKdPNm1Br2UqOQ=mo","Aplikasi mobile legend sekarang makin update makin buruk, sering leg dan kadang kluar sendri , aplikasi apaan ini, tolong perbaiki","1","0","1.8.79.9552","2024-04-28 17:17:28","","","1.8.79.9552"
"10e2352a-0f7f-495d-9683-57b79f0b27d8","Putrii Mtraa2202","https://play-lh.googleusercontent.com/a/ACg8ocLfF7js6w7mcfQSMLYgJhaSPRm1V6FjQuOtHYIia_xPXa1ZEQ=mo","Dikasih ls mulu anj. Berusaha sendiri. Dapet tim kek üí© semua","1","0","","2024-04-28 17:17:00","","",""
"5a2c8b5a-ea17-41a0-9ab3-efaf0a3f4101","Ahmad Faozan","https://play-lh.googleusercontent.com/a/ACg8ocLte7KopOHxQDqnVWyrX_zVkzOLJXLmi0lxpJLhTKkSrivHuA=mo","Monton yg adil dong matcmakingnya sa kurang satu bintang naik peringkat rank ,,,,di kasi lostrek nyampe trn rank ,,,,,,,yg adil dong ngasi lawan ga sesuai sama skil tim,sedang tim sy biasa ,,,,,,dapet tim pro ,,,,,yg ada draksistem lostrek","2","0","","2024-04-28 17:16:59","","",""
"dcfa19af-a372-4730-8925-888474270821","Arjuna Jun","https://play-lh.googleusercontent.com/a/ACg8ocJzCBINoUuY3Jc4PJwf9w7wo_S0DMmap9ANAG22HTL84vebkQ=mo","tolong lh monton klo ngasih tim atau musuh yg seimbang,masa di kasi tim yg peed atau trol mulu baru musuh di kasih yg jago semua,masa lu jadi salah satu game terbaik kayak begitu,tolong di perbaiki lah sistemnya monton","1","0","1.8.66.9421","2024-04-28 17:16:51","","","1.8.66.9421"
"1af28866-dcb1-4482-928b-61bdd6252739","Ahmad","https://play-lh.googleusercontent.com/a/ACg8ocJ2u_LHOYXkP2v1C62MQ3mAT86SJPKZA-6_lv7uqZnI9fBnnw=mo","Game ini sebaiknya dihapuskan, karena tidak layak untuk dimain oleh beberapa kalangan yang mana merusak mental psikis","1","0","","2024-04-28 17:15:31","","",""
"752055d8-4bb4-43c7-b570-22ba25d1d8fe","Rehan Han","https://play-lh.googleusercontent.com/a/ACg8ocLUz2VfaeKV3dWNQs7xRvd8MKhsheSYZ9TCpCHU_ZD3ImrJTg=mo","Main ml gak seru losterk terus","1","0","1.8.66.9421","2024-04-28 17:15:26","","","1.8.66.9421"
"58ded71a-158a-490e-94ad-5d90aa378550","Abdul Rahman","https://play-lh.googleusercontent.com/a/ACg8ocK7MiS84kTA_Pcx87fPtUUMr5W0cu6pXxf4xxBR07MFG6jTbw=mo","Bagus sekali","5","0","1.8.79.9552","2024-04-28 17:15:10","","","1.8.79.9552"
"3195273a-fcab-47d4-86b2-79bc59c98247","Yasmin","https://play-lh.googleusercontent.com/a/ACg8ocLn7VMYIL8ZpwJbssDuAurTRlwxc1gR_HZmsCnhCON4k9nV=mo","Seruuu","5","0","1.8.79.9552","2024-04-28 17:14:09","","","1.8.79.9552"
"e898291e-4a72-44f5-9fe0-1be94881ddaf","Qosyim Alhusain","https://play-lh.googleusercontent.com/a-/ALV-UjWedVkHAFefAd8V7UAjFagsOHbApoTned56-5E-BVS7RN8ZHoz9","Tolong lah knpa di pertandingan pertama ga ada patah"" di pertandingan kedua patah"" parah ini padahal jaringan bagus","2","0","1.8.79.9552","2024-04-28 17:13:54","Dear Hero,
Maaf atas ketidaknyamanan ini, silakan coba ganti jaringan terlebih dahulu. Jika Anda masih tidak dapat terhubung ke game, silakan hubungi kami melalui CS in-game atau email, sertakan ID game, ID server, perangkat, dan tangkapan layar agar kami dapat menemukan penyebab masalah Anda dan memberikan solusi yang akurat.","2024-04-29 03:11:22","1.8.79.9552"
"2b6ced5d-d3e3-4c94-91dd-e5b49fba51e3","Abdul Aziz","https://play-lh.googleusercontent.com/a/ACg8ocJokB61ul9YRdweIeUbZ6S61YB53njm4wy7_z9hsRj12S0vkA=mo","Mantaf","5","0","1.8.79.9552","2024-04-28 17:13:54","","","1.8.79.9552"
"18dc73e0-792f-47b3-aba9-1ec304c6dbf1","Sisilia Lisa","https://play-lh.googleusercontent.com/a-/ALV-UjXDAK14VNuoa26jMw6I-ald833tKgN9BriSV0dP8lg18EUXjR8","GAME AJGGGGGG","1","0","","2024-04-28 17:12:53","","",""
"72f9e6c7-a0cb-48a0-a5b4-d38b62cec815","Lhos Cho","https://play-lh.googleusercontent.com/a/ACg8ocKVfi2PmONs-UU8VylnPk_g7VZSsZ42M6p6r-xGWVW1TNVppA=mo","GAME NYA KEREN","5","0","1.8.66.9421","2024-04-28 17:11:55","","","1.8.66.9421"
"d1dccaf9-b92f-4486-bc01-87935d7bd25e","Apan Apan","https://play-lh.googleusercontent.com/a/ACg8ocLd1gXML3xUFo3P9VNcD_xcgKlOlgjL3W5nlLvuDzvtVBgEoA=mo","AKU CAPE LOSTREK TOLONG LAHH TAPI AKU MASIH KASIH BNTANG 5 AKU CAPE DENGAN DRAK SISTEM TOLONG DONG PM TOP ASASINNAMAMLKU","5","0","","2024-04-28 17:11:17","","",""
"98711a9e-a973-4875-a82a-78f6b1443235","Afif baharudinn","https://play-lh.googleusercontent.com/a/ACg8ocKTsnYcxOHJEUEKbmtTl5qm_NrrlQA2wCYoEXuUxfOEX3HIuQ=mo","sangat tidak puas karena terlalu banyak dark system","1","0","1.8.79.9552","2024-04-28 17:11:08","","","1.8.79.9552"
"26388783-7b59-4bf6-b879-86a7938bfbe3","Suryo Setiawan","https://play-lh.googleusercontent.com/a/ACg8ocJuGMuY77J5vFkj7REEb4MQsjDnERAEIc5j-TFCOBHrxr9TWQ=mo","Tambahkan hero tank dengan skill taunt+peningkatan defend (area lingkaran) (stand)","4","0","1.8.79.9552","2024-04-28 17:11:03","","","1.8.79.9552"
"4ba12527-9fa8-4a37-aeb8-f6ba05257657","Davin renard arkan Wibowo","https://play-lh.googleusercontent.com/a/ACg8ocKy2YSd0fBRo6Cv_qHiMhG96f0aFepe-YUZT1T54z2ZZH57-g=mo","Biadab emang gadikasih team yang sepadan sama lawan di mode ranked","2","0","1.8.66.9421","2024-04-28 17:10:52","","","1.8.66.9421"
"097eb3c5-75aa-495a-bdfb-c25774e28f3e","Vergil","https://play-lh.googleusercontent.com/a-/ALV-UjUUtE6kqIR1F4CMscTtUcT2D6gYez7WTNV9kh57C3LRUIR1qgU","Good game lah","5","0","1.8.79.9552","2024-04-28 17:10:40","","","1.8.79.9552"
"445607b9-f337-4afb-ab5d-4d529114da84","Ridan Afrizal","https://play-lh.googleusercontent.com/a-/ALV-UjUPzvlkd8yHcHITpeCnAD3SbL6o_QagO-fmey0ETW6QOXlgJ4E","mantap","5","0","1.8.79.9552","2024-04-28 17:09:52","","","1.8.79.9552"
"3c78da1b-914b-4457-90d2-4af57cf8d7e4","Septianisvi Ananda","https://play-lh.googleusercontent.com/a/ACg8ocIVMzQgPg8kB489MeWi9L79VS0yckbQ7iaf_wWyqe8pknVEfA=mo","Gaada skin gratis","2","0","1.8.47.9191","2024-04-28 17:09:43","","","1.8.47.9191"
"62394c80-2b35-401f-9092-04bffd13569c","Rendy Rukin 666","https://play-lh.googleusercontent.com/a/ACg8ocImoaeCbF3vOhef5n6rrQmj7hQbt7saJR7yHVkWCf7GU-kE-g=mo","sangat memuaskan","5","0","1.8.66.9421","2024-04-28 17:09:34","","","1.8.66.9421"
"d39aafc1-59d4-4289-989d-416291efc73c","Muhamad Afin Faza","https://play-lh.googleusercontent.com/a/ACg8ocKlwP88BC34vUQQKLoHDQ-BNej_qR9QnatvjQR1a5m9WVBxEw=mo","Monton asu mau ke mitim banyak dak sistem","1","0","1.8.66.9421","2024-04-28 17:08:23","","","1.8.66.9421"
"d2fa181e-feae-49d9-9246-358010dcf3ca","vanders joses","https://play-lh.googleusercontent.com/a/ACg8ocKwL-f8_Cnly4JTaSbz2ab0iPMFEqiQtrdGjAgTCRq70GnOLQ=mo","Di kasih black sistem mulu ,gw trauma sama mobile lagend dikasih menang dikasih kalah kalau ga niat kasih game ga usah ada ML,ntar alesannya Screenshot dulu,tapi ga terjadi apa apa cuman bisa bicara maaf atas ketidaknyamanannya Halah cuih,Sinyal hp jadi ngelag 4√ó winstreak kalah berturut turut lu niat kasih game g","1","0","1.8.79.9552","2024-04-28 17:07:27","","","1.8.79.9552"
"8a84017b-cdff-4197-8f1d-3ae776f22e62","Taufik Hidayat","https://play-lh.googleusercontent.com/a/ACg8ocJt2z5SFu88-0ZDJURJefikF29Kd1l_1u-bX300pkksB1PEjg=mo","Menghibur","5","0","1.8.79.9552","2024-04-28 17:07:18","","","1.8.79.9552"
"237b0676-6396-4ae9-ae77-9009379e9b10","Wahyu Goreng","https://play-lh.googleusercontent.com/a/ACg8ocJslw1GHRYood3QG48ydEHt0TKx4WQiJW5jIya-BZvts9wqzg=mo","Makin ke sni makin bnyk player yang asal main di rank tinggi contoh nya di rank mytic honnor saya main dari 46 turun ke mytic biasa gmn sih cape main sama player yang ga ngerti main","2","0","","2024-04-28 17:06:21","","",""
"31f73ce5-4605-46f1-a3c0-465cf65cb3e4","Arul ismi","https://play-lh.googleusercontent.com/a-/ALV-UjWfy4S6EvtjcwnrbufNRG3Iq4DZMOIO0NeVnSWe5TNHnFgY_r_y","Saya suka","5","0","1.8.79.9552","2024-04-28 17:06:08","","","1.8.79.9552"
"cf0d97d2-ab52-450e-9918-c461dd99a533","Seven Deadly","https://play-lh.googleusercontent.com/a-/ALV-UjXxeJNS9iwEp_SgOjILIY4BIxEncCjiTJPaQjog0GNyHyJXZLaD","Makin ribet gamenya, apa¬≤ nya di sensor. Jd ga bebas. Sinyal sering lah, harus double¬≤ pk data + WiFi. Tolong di perhatikan lg. Kadang ada yg langgana WiFi. Di perhatikan lagi min. Minimal buat kalangan bawah juga biar bisa main!!! Tanpa harus pake WiFi","2","742","1.4.77.5175","2024-04-28 17:06:04","","","1.4.77.5175"
"942a93d3-9d47-4f72-8460-eeea739abcc4","Rizky Akbar","https://play-lh.googleusercontent.com/a-/ALV-UjX9bV0cjItV0c1mTHcFwiJJgZ0iDsKY2QL8bPd7z3Qe6HlYxOOf","Ok","5","0","1.8.32.9053","2024-04-28 17:05:55","","","1.8.32.9053"
"3dbab148-51f0-475e-8d14-933f090f324f","ilham XII RPL 1","https://play-lh.googleusercontent.com/a-/ALV-UjWOvQkuLFbDyt8sybWz1ASVkW53G7HeviNsvwqDCBVmpT2199YJ","good","5","0","1.8.79.9552","2024-04-28 17:05:37","","","1.8.79.9552"
"516c091a-76f3-4d8d-953c-e142f76d4bdf","yatimatus silvina","https://play-lh.googleusercontent.com/a-/ALV-UjVD5xh_mCMcGr0nOh-WslpdvU1uV_L0hvzh-g1iTaktH2miKgZa","Buruk sekali banyak sistem,, hapus saja","1","0","1.8.79.9552","2024-04-28 17:04:43","","","1.8.79.9552"
"47e43b0b-a49f-4c81-9dcc-80adcb0feec8","Zafis Munanzar","https://play-lh.googleusercontent.com/a/ACg8ocJ2CwfO0VDW34hMUUgVd5qRKiue5rmUwZqXS8_0l9jM54mFIA=mo","Game nya bagus","4","0","1.8.79.9552","2024-04-28 17:04:16","","","1.8.79.9552"
"cda2cc83-5ad3-4527-a218-84d9a8b4cc82","SadBoys24 Project","https://play-lh.googleusercontent.com/a-/ALV-UjU2Ze-gdyQcng6PIp2lc3zmDPneMW9kla-eMnToxW1NcQQ6sUV8","lagi war ping bisa bisa nya merahh tim dapet bot mulu","2","0","","2024-04-28 17:02:36","","",""
"8c3ebad1-eb73-4ead-ae7c-0ebf5299ea9f","Ilham Macare","https://play-lh.googleusercontent.com/a-/ALV-UjXY5-XvCCbyquMo7Q7FAtr60m0pq69JhFbXxS3EpqffMmktmFTI","Dikasih tim ngetrlo terus bermain selama 2 gak naik¬≤ malah turun anjig moonton","1","0","1.8.58.9312","2024-04-28 17:02:21","","","1.8.58.9312"
"bd29b89e-52e9-4720-bdbb-a05f10f19eb7","Warno Suki","https://play-lh.googleusercontent.com/a/ACg8ocJlTgIaXBTaa31nq546Ssvo7rlQtJAYphNFfwObmoSZ652wWg=mo","√ème√Økoe","5","0","","2024-04-28 17:01:59","","",""
"65190979-3617-45cb-a4fb-55552ac6df63","Iqbal April","https://play-lh.googleusercontent.com/a-/ALV-UjXTcLt8-cIZqbc4JlrvGU4tTpERAtB7hlvizU4Cz-hibhvZQaU","Haram Jadddaaaaaahhhhhhhh!","1","0","1.8.79.9552","2024-04-28 17:01:56","","","1.8.79.9552"
"f7517571-44fd-49d9-845f-368e9f099d4c","fitri rifai","https://play-lh.googleusercontent.com/a/ACg8ocKak6Brfvyy6pHyNoSYjam05A0pDSLcrliBUOSvheJysuPV0Q=mo","Love mlbb","5","0","1.8.79.9552","2024-04-28 17:01:48","","","1.8.79.9552"
"18ede2ca-86ba-46c6-9d63-fa4caa84fb98","yusuf hidayah","https://play-lh.googleusercontent.com/a-/ALV-UjXNIyATlkRU3Mz_i81xfm0TSVuWQKTCBvs3ch31wI3eTQoJDJOHQA","GudGame","4","0","1.8.79.9552","2024-04-28 17:01:32","","","1.8.79.9552"
"efa5e6f7-66d3-4b47-aec1-8dd1d9ef8e05","Heri Prayogo","https://play-lh.googleusercontent.com/a/ACg8ocKAT0gjc5X5EL3ErqFTzudY6CJebB8VOfl0hi7hUBrf9g4dkw=mo","Oke","5","0","1.8.79.9552","2024-04-28 16:59:18","","","1.8.79.9552"
"83beebcb-922a-40cb-8354-f95ab970be5f","Obetho Takarai","https://play-lh.googleusercontent.com/a-/ALV-UjX3uAIdilYQcgII4w4mXEdchtnDzYT-3CxJdcZcNRitujHJgWg","Jangan mau lah ml sekarang repooooot..... Mau di kasih menang ga ini th woi epik abadi terus","1","0","","2024-04-28 16:59:15","","",""
"6ffb0105-13ae-4601-8cfd-54cb395cc509","Yoga Bagas","https://play-lh.googleusercontent.com/a-/ALV-UjWL55AC0XqwC-lr9rMCgP2hZcm0RluZyd2IcLoNFQ4dLkRsuynD","Magic chess gak adil habis kalah sama satu player tiga kali ronde itu¬≤ mulu playernya padahal playernya masih ada 6","2","0","1.8.79.9552","2024-04-28 16:58:25","","","1.8.79.9552"
"7a9931c9-22a4-4e85-896a-5d265d3a751e","ipunx purwanto","https://play-lh.googleusercontent.com/a-/ALV-UjUj2XpV6yMLYjZve0MBSlXXHjiFg-zuQB01pXIvkdjfzQAfybK0","MAGIC CHEST LOSE STRIKE... üñïüñïüëéüëé Sinyal eror sangat sangat parah","1","0","1.8.79.9552","2024-04-28 16:57:42","","","1.8.79.9552"
"fbcb4a22-a19c-4ddf-8e82-1d6312ea19ec","Deny Haryanto","https://play-lh.googleusercontent.com/a/ACg8ocIAYQOgpMbxZD5-jofGIeK8vqtPd4q5y7HKd1J0t7esCHjfBw=mo","Sangat sangat tidak nyaman dalam bermain, aplikasi lain lancar saja Tapi main ML sinyal buruk Mengecewakan Apabila berlanjut seperti ini,lebih baik uninstall.....","1","0","","2024-04-28 16:57:29","","",""
"ff876556-b062-423f-ad6c-a251385e9ded","Numan Ardho","https://play-lh.googleusercontent.com/a-/ALV-UjURDLCUlfmTe_DOHDcTQqy8JBxlBPQXcuaT9q2Z0qAbave0OrM","Napa sih selalu aja kasih gua tim yang nuubb sedangkan lawan gua gg. Heehh om moonton gua push dari mytct honor bintang 30 sekarang udah mytict biasa, akun utama dari glory bintang 103 sekarang honor bintang 38 luu bayangin ommmmm an¬• Kalo luu ga ngasih gua tim yang gg dengan lawan boot gua do'ain bangkrut, ingat do'a orang yang terdzolimi akan mudah terkabul.","1","0","1.8.79.9552","2024-04-28 16:57:16","","","1.8.79.9552"
"ce4a335c-8a48-482b-8614-566c11a2f452","Nanda Satria","https://play-lh.googleusercontent.com/a/ACg8ocJNJZF0yQpcBGPzZ73-Ku8BGSPuwhT_o7CxCy2GW7Wt4o6DUA=mo","Game yang bagus dan menarik","5","0","","2024-04-28 16:55:55","","",""
"db528e59-9e33-4a40-9696-c0d21f4cecc5","Ibnu ruslani","https://play-lh.googleusercontent.com/a/ACg8ocL_CZzvjfaFe28zMZF7Jgg43sNkhztg4gauNXQVwQ3VoDjTfw=mo","Dark moonton sistem kurang kurangi lah,,","1","11","1.8.79.9552","2024-04-28 16:55:33","","","1.8.79.9552"
"65ecdb90-7527-4e24-b83d-9651d49f8ec7","Sodron Baik","https://play-lh.googleusercontent.com/a/ACg8ocKQKPhbnvoVogTdRCtCtheGikUghaswF8UK1CbD8DnZSAedoA=mo","Monnton knp gue mau honor selalu dpt dark sistem trus lah gk tau di blh honor apa gmn lah","1","0","1.8.79.9552","2024-04-28 16:55:15","","","1.8.79.9552"
"40dbf6be-fdf8-4c5c-b728-7a3c5f42389a","Ardan Prasetya","https://play-lh.googleusercontent.com/a/ACg8ocJoedUoswf2Q8JoMoh1cNuqe05hOy2_jdeqkAE8DylJJQsQeg=mo","Game aneh dari tadi solo temen gw main kayak bot,musuh spek onic gaam tolol ngotak kalo buat sistem draf","1","0","1.8.8.8811","2024-04-28 16:55:01","","","1.8.8.8811"
"13a1adf6-0c6a-4822-861e-92aebddc2273","Nur Haslinda","https://play-lh.googleusercontent.com/a-/ALV-UjXzPLUYF0nYJXYrOmGDVQcLQfW_9ixCMPvuvmLR9NNzc95cBxBQ5w","Baguuusss","5","0","1.8.33.9054","2024-04-28 16:54:55","","","1.8.33.9054"
"8b6b9eeb-f628-4bc0-ab7c-1dee534b1eaf","Hendy Nazar","https://play-lh.googleusercontent.com/a/ACg8ocKBumX1RhSKHecA8wY9tvGkOtZXp6pu10SS5Mxfmg7s7dNz=mo","Mantap","5","0","","2024-04-28 16:54:44","","",""
"d7ab0dc9-7558-48f4-814f-f2232cb21a46","Deluxe 9462","https://play-lh.googleusercontent.com/a-/ALV-UjU7VpyAgdXwOdKNUAF5y57MOm2qQO_ArdJRAoilEfGO_GdW7Q","Ni game nambah dosa gua anjim","1","1","1.8.66.9421","2024-04-28 16:54:28","","","1.8.66.9421"
